Dnumber,rs1800774,rs10940498,rs328,rs1799930,rs143673595,rs1043941,rs482548,rs11620,rs1532625,rs10558187,rs1041983
D1,3,3,2,2,1,1,1,2,2,2,2
D100,1,1,1,1,1,1,1,2,2,1,1
D1000,1,1,1,2,1,1,1,2,1,3,2
D1001,2,3,1,2,1,1,2,2,2,1,2
D1002,1,2,1,2,1,1,1,1,1,1,3
D1003,1,2,1,1,2,1,2,1,2,1,1
D1004,3,1,1,1,1,1,1,3,1,1,1
D1005,1,1,1,1,1,1,2,3,2,2,2
D1006,1,1,1,2,2,1,2,2,2,1,2
D1007,2,1,1,1,1,2,1,2,1,1,1
D1008,1,1,1,2,2,1,1,2,2,2,2
D1009,2,1,1,1,1,1,1,3,2,1,1
D1010,2,1,3,1,1,1,2,3,1,2,1
D1011,2,1,1,1,1,1,2,2,3,2,1
D1012,1,1,1,1,1,2,1,2,1,2,1
D1013,1,1,1,3,1,2,1,2,2,1,3
D1014,1,1,2,1,1,1,2,1,1,1,2
D1015,2,2,1,2,1,1,2,2,3,2,2
D1016,2,1,1,1,2,1,1,1,1,2,1
D1017,1,1,2,3,1,1,1,1,2,2,3
D1018,2,1,1,1,1,1,1,2,1,1,2
D1019,1,1,1,1,1,1,1,1,2,1,1
D101,1,1,1,1,2,1,1,2,1,1,1
D102,3,1,1,3,1,1,1,2,2,3,3
D1020,2,3,2,1,1,1,2,2,2,2,1
D1021,1,3,1,2,1,1,1,2,1,1,2
D1022,1,1,2,2,1,1,1,3,3,1,2
D1023,1,1,1,2,2,2,2,1,2,2,2
D1024,3,1,1,2,2,1,1,2,3,2,2
D1025,1,2,1,1,2,1,1,1,2,1,1
D1026,3,2,2,3,2,1,1,2,2,1,3
D1027,1,1,1,1,1,1,2,2,3,1,1
D1028,1,1,2,1,3,1,1,2,1,2,1
D1029,1,1,1,1,1,1,1,3,2,1,1
D103,1,2,1,1,2,2,1,2,1,1,1
D1030,1,1,2,1,2,1,1,3,1,3,1
D1031,2,1,1,1,1,1,2,1,2,2,1
D1032,2,2,1,1,1,1,1,2,2,2,1
D1033,1,1,1,1,1,2,1,3,2,3,1
D1034,2,1,1,1,2,2,1,2,3,1,2
D1035,1,1,1,1,2,1,1,2,2,1,1
D1036,1,2,2,1,1,1,1,2,1,1,1
D1037,1,2,1,2,1,1,1,2,2,1,2
D1038,2,1,1,1,1,1,1,2,2,1,1
D1039,2,2,1,1,1,1,1,3,2,1,1
D104,2,1,1,1,2,2,1,2,2,1,1
D1040,3,1,2,1,2,2,2,2,1,2,1
D1041,3,1,1,2,1,1,1,3,2,1,2
D1042,1,1,1,2,2,2,1,1,1,1,2
D1043,1,1,2,3,1,1,1,2,1,1,3
D1044,2,1,2,1,1,1,2,2,2,2,1
D1045,2,2,2,1,2,1,2,2,1,1,2
D1046,2,2,1,2,3,1,2,3,3,2,2
D1047,1,1,1,2,1,1,1,2,2,2,2
D1048,1,1,1,2,1,1,1,2,2,2,2
D105,2,1,1,1,2,1,2,2,2,1,1
D1050,1,1,1,1,1,1,2,2,2,1,2
D1051,2,1,1,1,2,1,2,1,1,1,1
D1052,2,1,1,1,1,1,1,2,1,1,1
D1053,1,2,1,2,1,2,1,1,2,1,2
D1054,2,2,3,3,3,1,1,3,3,1,3
D1055,3,2,1,1,1,2,1,1,1,1,1
D1056,2,1,2,1,2,2,1,2,3,2,2
D1060,2,1,1,2,2,1,1,3,1,2,2
D1062,1,1,1,2,1,2,2,2,3,1,2
D1064,2,1,1,1,1,1,1,3,2,1,1
D1065,2,2,1,2,2,1,1,2,1,1,2
D1066,1,1,1,1,3,1,2,2,2,1,1
D1067,1,1,1,1,1,2,2,2,1,3,1
D1068,1,1,1,3,2,1,1,3,1,1,3
D106,2,2,1,1,1,1,1,3,3,2,1
D1072,1,1,1,2,1,1,1,3,3,2,2
D1073,2,1,1,1,2,1,1,3,2,3,1
D1075,3,1,1,1,3,1,2,3,2,1,1
D1078,1,1,1,1,1,1,1,2,1,1,1
D1079,2,1,1,2,1,1,1,2,2,1,2
D107,1,1,1,1,1,1,1,1,1,1,1
D1080,2,1,2,2,1,1,1,3,2,1,2
D1081,1,2,1,1,1,1,1,2,1,2,1
D1084,2,2,1,1,2,2,2,2,1,1,1
D1085,2,1,1,1,1,1,1,2,3,1,1
D1086,1,2,2,1,1,1,1,1,2,2,1
D108,1,2,2,1,3,1,1,2,1,1,1
D1090,2,2,1,2,1,1,1,2,2,1,2
D1091,2,1,2,2,2,2,2,2,2,1,2
D1093,2,1,1,1,3,1,1,2,2,1,1
D1094,2,1,1,1,1,2,1,1,2,1,1
D1095,1,2,1,1,1,1,1,2,1,1,1
D1098,1,2,1,2,2,1,2,1,2,2,2
D1099,2,1,1,1,1,2,2,1,1,1,1
D109,2,2,1,1,1,2,2,2,2,2,1
D10,1,2,2,1,2,1,2,2,1,1,1
D11,1,1,1,1,1,1,1,2,3,2,1
D110,1,1,1,1,3,1,1,2,2,1,1
D1101,2,3,1,2,3,1,1,2,2,1,2
D1103,2,1,2,1,2,2,1,3,2,1,1
D1104,1,1,1,3,2,2,1,1,2,1,3
D1106,2,1,1,2,1,1,1,1,2,2,2
D1108,1,2,1,1,2,1,2,1,3,2,1
D1109,1,1,1,2,2,1,2,3,3,1,2
D111,2,1,1,1,1,1,1,2,3,1,1
D112,2,1,3,1,1,1,1,2,2,2,1
D113,1,2,1,1,1,1,1,2,1,1,1
D114,2,1,1,2,3,1,1,2,2,1,2
D115,1,2,1,3,2,1,1,1,2,1,3
D116,2,1,1,1,2,1,1,2,1,2,1
D117,2,1,2,1,1,2,1,1,1,1,1
D118,2,1,2,1,1,2,2,2,1,1,1
D119,2,2,1,2,1,1,1,3,1,1,2
D120,2,1,1,3,1,1,1,2,2,3,3
D121,2,1,1,2,1,2,1,2,2,1,2
D123,2,1,1,1,2,1,2,2,1,2,1
D124,1,1,1,1,1,1,1,2,2,1,2
D125,1,1,2,1,1,3,1,1,2,1,2
D126,1,1,2,1,2,1,1,2,2,1,1
D127,2,1,1,2,1,1,2,2,3,1,2
D128,1,1,1,1,2,1,1,2,2,2,1
D129,1,1,1,1,1,1,1,1,2,2,1
D12,2,1,1,2,1,1,2,2,2,1,2
D13,1,1,1,1,2,1,1,3,2,1,1
D130,1,1,2,1,2,2,1,2,2,1,1
D131,1,1,1,1,1,1,1,1,2,2,1
D132,1,1,1,1,3,1,1,2,1,1,1
D133,1,1,2,1,1,1,1,2,2,1,1
D134,2,1,1,1,2,1,2,2,2,1,1
D135,1,1,1,2,2,1,1,2,1,1,2
D136,1,2,1,2,1,1,1,2,1,1,2
D137,1,1,1,1,2,1,1,2,2,1,1
D138,1,1,1,1,1,1,1,2,2,2,1
D139,3,1,2,2,2,3,1,1,1,1,2
D14,3,1,1,1,1,1,1,3,3,2,1
D140,3,3,1,3,2,1,1,1,2,1,3
D141,1,2,1,2,1,2,2,2,2,1,2
D142,2,1,1,2,1,1,1,3,2,1,2
D143,2,1,2,1,1,2,1,1,1,2,1
D144,2,1,2,2,1,1,2,3,1,1,2
D145,2,1,1,1,1,1,1,2,1,1,1
D146,1,1,1,2,2,1,2,2,2,1,2
D147,2,1,1,2,2,2,1,2,2,2,2
D148,3,1,2,1,2,1,1,3,1,2,1
D149,1,1,1,1,1,2,1,3,2,2,1
D15,2,1,1,1,1,1,1,3,3,2,1
D150,1,1,2,1,1,1,2,3,2,1,1
D151,3,1,1,2,2,1,2,2,1,1,2
D152,1,1,2,1,1,2,1,2,2,1,1
D153,2,2,1,2,1,1,3,3,3,1,2
D154,2,2,2,1,1,2,1,2,2,1,1
D155,1,1,1,2,2,1,1,3,2,1,2
D156,1,1,1,1,2,1,1,2,1,2,1
D157,2,1,1,1,3,1,1,2,2,1,1
D158,1,1,2,2,1,2,2,2,1,1,2
D159,1,1,1,1,1,1,1,2,2,2,1
D160,1,2,2,1,1,1,1,3,1,1,1
D161,3,2,1,2,1,1,2,3,2,1,2
D162,2,1,1,2,1,1,2,2,2,2,2
D163,2,1,1,1,2,2,3,1,1,1,1
D164,1,2,1,1,2,1,1,3,3,1,2
D165,1,2,2,1,3,1,1,2,1,1,1
D166,1,1,2,1,2,2,1,2,2,1,1
D167,1,2,1,1,2,1,1,1,2,1,1
D168,3,1,1,1,2,2,2,2,1,1,1
D169,1,1,1,1,1,1,1,2,2,1,1
D16,2,1,2,1,1,2,1,1,1,2,1
D17,3,1,1,2,1,1,1,2,1,2,2
D170,1,1,2,1,2,1,1,3,2,2,1
D171,1,2,1,2,1,1,1,3,1,1,2
D172,3,1,1,1,1,1,1,2,2,2,1
D173,1,1,1,2,2,1,1,1,2,2,2
D174,2,2,1,1,3,1,1,2,1,2,1
D175,1,1,1,1,1,1,1,3,2,1,1
D176,1,2,1,1,2,2,1,2,2,1,1
D177,1,2,2,1,2,2,1,2,2,1,1
D178,1,2,1,1,1,2,1,2,1,2,1
D179,1,1,1,1,2,1,1,2,2,2,1
D180,2,2,1,1,3,1,1,2,1,1,1
D181,1,2,2,1,2,2,1,2,1,1,1
D182,1,1,1,2,2,1,1,2,1,1,2
D183,1,1,1,1,2,1,1,2,2,2,1
D184,2,2,1,2,1,3,2,1,1,1,2
D185,3,1,2,1,1,1,1,2,1,1,1
D186,2,1,1,2,1,1,2,3,1,2,2
D187,1,1,1,2,2,2,2,2,2,2,3
D188,1,1,2,1,2,2,1,1,2,1,1
D189,1,1,1,1,2,1,1,2,2,1,1
D18,2,1,2,1,1,1,1,2,1,2,1
D190,1,1,1,1,1,1,1,2,2,2,1
D191,2,2,1,2,1,1,3,3,3,2,2
D192,3,2,2,3,1,1,2,2,2,2,3
D193,2,2,1,1,2,1,2,2,2,1,1
D194,2,2,1,1,2,1,1,3,2,1,1
D195,2,1,2,2,2,1,1,2,1,1,2
D196,1,2,1,3,2,2,1,2,2,1,3
D197,1,2,1,3,1,1,1,2,2,2,3
D198,1,1,1,2,1,1,2,2,2,2,3
D199,2,2,1,1,1,1,1,2,2,2,1
D19,2,1,2,1,1,1,1,3,2,1,1
D200,1,2,1,1,1,1,1,2,2,1,1
D201,2,1,1,1,2,1,1,3,1,1,1
D202,1,1,1,1,1,1,1,1,3,2,1
D203,2,1,1,2,1,2,1,2,2,2,2
D204,2,1,1,1,1,1,1,2,1,1,1
D205,2,1,1,2,3,1,3,2,2,2,2
D206,2,2,1,1,1,1,1,2,2,1,1
D207,3,2,1,2,1,1,1,2,3,1,2
D208,1,1,2,1,1,2,1,2,2,1,2
D209,3,1,1,1,2,1,1,2,2,1,1
D20,1,1,1,2,3,1,1,3,1,2,2
D21,1,2,3,1,1,1,1,3,2,1,1
D210,1,1,1,3,1,1,2,2,3,2,3
D211,2,1,1,3,2,1,2,1,1,2,3
D212,1,1,1,2,2,1,2,2,2,2,2
D213,2,1,1,1,2,1,1,1,2,1,1
D214,2,1,1,2,2,1,1,2,3,1,2
D215,2,1,1,3,1,3,1,1,1,1,3
D216,1,2,1,1,2,1,1,2,2,2,1
D217,2,2,1,2,2,1,1,1,2,2,2
D218,3,2,1,1,2,2,1,1,2,2,1
D219,1,1,1,1,2,1,2,3,3,2,1
D22,2,1,1,1,1,3,2,1,2,2,1
D220,3,1,1,1,1,2,1,2,1,1,1
D221,1,2,1,2,2,2,1,3,3,2,2
D222,3,1,1,1,3,1,1,1,3,1,1
D223,2,1,1,2,1,1,1,1,3,1,2
D224,1,1,1,1,2,1,2,1,2,1,1
D225,3,1,1,1,3,1,1,3,3,1,1
D226,3,1,2,1,1,1,2,2,1,2,1
D227,1,2,2,3,1,1,2,2,1,2,3
D228,2,2,1,1,2,1,1,2,2,1,1
D229,2,1,2,1,2,1,1,1,2,3,2
D230,1,2,1,2,1,2,1,2,1,2,2
D231,2,1,2,1,2,1,1,2,3,1,1
D232,1,2,2,3,1,1,1,2,1,2,3
D233,2,2,1,1,2,1,1,2,2,1,1
D234,2,1,1,1,1,1,1,3,2,2,1
D235,1,1,1,1,1,1,1,2,2,1,1
D236,3,2,2,3,1,1,2,2,2,2,3
D237,2,2,1,2,2,1,1,1,1,1,2
D238,2,2,1,2,2,1,1,2,3,1,2
D239,2,1,1,1,2,1,1,1,2,2,1
D23,2,1,1,1,2,1,1,2,2,1,1
D24,3,2,1,2,1,1,2,1,2,2,2
D240,2,1,1,3,2,2,1,2,1,1,3
D241,1,1,1,1,1,1,1,2,2,1,1
D242,2,2,1,1,2,1,1,2,2,1,1
D243,1,1,1,1,1,1,1,3,3,2,1
D244,1,1,1,2,2,1,1,1,2,2,2
D245,1,2,1,2,2,2,1,2,2,1,2
D246,2,1,1,1,2,2,1,1,1,2,1
D247,1,1,1,1,2,1,1,2,1,2,1
D248,1,1,1,1,2,2,1,1,2,3,1
D249,2,1,1,1,2,1,1,2,3,3,1
D250,2,1,1,2,1,1,2,2,1,1,2
D251,2,2,1,1,1,1,2,2,2,1,1
D252,2,2,2,3,2,1,2,2,2,1,3
D253,1,1,2,1,1,1,2,2,1,1,2
D254,2,2,1,1,2,2,1,2,3,2,2
D255,1,1,1,3,1,2,1,2,2,1,3
D256,1,2,1,2,1,1,3,1,3,2,2
D257,2,1,2,1,2,1,2,2,3,1,1
D258,1,1,1,2,2,1,1,2,2,2,2
D259,2,1,1,1,1,1,2,1,2,1,1
D25,2,1,1,3,2,1,1,2,1,1,3
D260,1,2,2,3,1,2,1,2,2,2,3
D261,1,1,1,1,2,2,1,2,1,1,1
D262,1,2,1,1,2,1,2,1,3,2,1
D263,3,1,1,1,1,1,1,1,2,1,1
D264,2,2,1,2,1,2,1,2,1,1,2
D265,3,1,2,2,1,1,1,2,1,2,2
D267,1,1,2,2,1,1,1,2,1,1,3
D268,2,2,1,1,1,2,1,2,1,1,1
D269,1,1,2,2,2,1,1,2,1,1,2
D26,1,1,1,2,1,1,1,3,1,2,2
D270,1,1,2,2,2,1,1,2,2,2,2
D271,2,1,1,1,2,1,1,1,2,2,1
D272,2,2,1,1,1,1,1,1,2,2,1
D273,3,2,2,2,3,1,1,2,1,2,2
D274,1,1,2,2,1,1,2,2,1,2,2
D275,2,2,1,2,1,1,1,2,1,2,2
D276,2,1,2,3,2,2,1,2,1,1,3
D277,1,2,2,1,2,1,1,2,1,2,2
D278,3,2,2,2,2,1,1,2,1,2,2
D279,1,1,2,3,1,1,1,3,2,1,3
D27,1,1,1,2,1,1,1,2,1,1,2
D280,2,2,1,1,1,1,2,2,2,2,1
D281,1,2,1,1,1,1,1,2,2,1,1
D282,2,1,1,2,1,1,2,2,3,1,2
D283,1,2,1,1,1,1,1,2,2,1,1
D284,2,2,1,1,1,1,1,2,1,2,1
D285,1,2,1,2,1,1,2,1,2,2,3
D286,1,1,1,2,1,1,1,1,1,2,2
D287,1,1,1,2,2,1,1,2,2,2,2
D288,3,1,1,1,1,1,1,1,2,1,1
D289,2,2,1,1,1,1,1,2,2,3,1
D28,1,3,2,2,1,1,1,2,1,1,2
D290,2,1,2,1,1,1,1,1,3,1,1
D291,1,1,1,2,1,1,1,2,1,1,2
D292,2,2,2,1,1,1,1,3,1,1,1
D293,2,1,1,1,2,1,2,3,1,2,1
D294,2,1,2,2,1,1,2,2,3,1,2
D295,2,2,1,2,2,1,1,1,2,1,2
D296,1,1,2,1,1,1,1,1,2,2,1
D297,1,3,1,1,2,1,1,2,2,1,1
D298,2,2,1,2,2,1,1,3,3,1,2
D299,2,1,1,1,2,1,1,2,3,1,1
D29,1,2,2,1,1,1,2,2,1,1,1
D2,2,1,1,2,2,1,1,2,1,1,2
D3,2,1,1,1,1,1,1,3,3,2,1
D300,3,1,1,1,1,1,1,3,2,1,2
D301,1,2,1,1,1,1,2,3,3,1,1
D302,2,1,1,3,1,1,1,2,2,1,3
D303,2,1,1,1,1,1,1,2,1,1,1
D304,1,1,1,1,1,2,1,2,3,1,1
D305,1,2,1,2,1,1,1,1,2,1,2
D306,2,1,2,1,3,3,1,1,2,1,1
D307,1,1,1,2,1,1,2,3,2,2,2
D308,3,2,1,1,1,1,1,3,3,2,2
D309,3,1,1,3,1,1,1,2,1,2,3
D30,2,2,1,2,1,1,1,1,1,2,2
D31,2,1,1,1,2,1,1,3,2,3,2
D310,1,1,1,1,2,2,1,1,2,1,1
D311,2,2,1,1,2,1,1,3,2,1,1
D312,1,2,1,2,2,1,1,3,1,1,2
D313,3,1,1,1,1,1,1,1,2,3,1
D314,1,1,1,1,1,1,2,1,1,1,1
D315,1,1,1,1,2,1,1,2,2,2,1
D316,2,2,2,2,2,2,1,1,2,2,2
D317,2,1,1,1,1,1,1,2,2,2,1
D318,1,2,1,2,2,1,1,3,2,2,3
D319,1,1,1,2,1,1,1,3,2,1,2
D320,3,1,1,2,1,1,1,2,1,2,2
D321,2,1,2,1,1,2,2,2,2,2,1
D322,2,1,1,1,1,1,1,2,3,1,1
D323,2,3,1,2,1,2,1,2,1,1,3
D324,2,1,1,1,1,1,1,2,2,1,1
D325,1,1,2,1,1,2,1,2,1,1,2
D326,1,2,1,1,2,1,2,2,2,1,1
D327,1,1,1,2,1,1,2,2,1,1,2
D328,1,2,1,1,2,1,1,3,2,3,1
D329,1,1,2,2,1,1,1,1,1,1,2
D32,2,1,1,2,1,1,1,2,1,1,2
D33,1,2,1,2,1,1,2,2,2,1,2
D330,1,1,1,1,2,2,1,2,2,1,1
D331,2,1,1,2,2,1,1,2,2,1,2
D332,1,1,1,2,1,1,1,1,1,3,2
D333,1,1,1,2,3,2,1,2,2,1,2
D334,1,1,3,2,2,1,1,2,2,1,2
D335,2,1,1,2,1,1,1,2,2,1,2
D336,2,1,2,2,1,1,1,2,1,2,2
D337,2,2,1,1,2,1,1,1,1,1,1
D338,2,2,2,3,1,1,1,2,2,2,3
D339,1,2,1,1,1,2,1,2,2,1,1
D340,1,1,1,2,2,1,1,2,1,2,2
D341,1,1,1,2,2,1,1,2,2,1,2
D342,2,1,1,1,1,2,1,1,1,2,1
D343,3,3,2,2,1,1,1,2,2,1,2
D344,2,1,1,2,1,1,1,2,1,2,2
D345,2,2,2,1,1,1,1,2,3,2,1
D346,3,2,1,2,1,2,1,2,1,1,2
D347,2,1,1,2,2,1,1,2,2,1,2
D348,1,2,1,1,2,2,1,1,3,1,1
D349,1,2,1,2,1,1,1,2,2,1,2
D34,1,2,1,2,2,1,1,1,3,1,2
D35,2,1,2,1,1,1,1,1,1,1,1
D350,1,1,1,1,1,1,1,2,2,1,1
D352,1,1,1,2,2,1,1,3,1,2,2
D353,2,1,1,1,2,1,1,3,3,3,1
D354,2,1,1,2,2,1,2,2,2,1,2
D355,1,1,1,1,1,1,1,1,1,1,1
D356,1,1,1,1,3,1,1,1,1,1,1
D357,1,1,1,1,1,2,1,2,2,2,1
D358,1,2,1,2,1,1,1,2,2,1,2
D359,1,2,1,2,2,1,1,2,3,2,3
D360,2,1,1,1,1,1,1,2,1,3,1
D361,1,1,1,2,1,1,1,2,1,1,2
D362,2,1,2,1,1,2,1,3,1,2,1
D363,3,1,2,1,2,2,1,1,1,1,1
D364,2,1,1,1,1,1,1,2,2,1,1
D365,3,1,2,2,2,1,1,2,2,1,2
D366,1,1,2,2,1,1,1,3,1,1,2
D367,2,1,1,1,1,1,1,2,2,2,1
D368,2,2,1,1,1,1,1,2,2,2,1
D369,1,1,1,2,2,1,1,3,1,1,2
D36,2,1,1,2,2,1,1,2,3,1,2
D37,3,1,1,1,1,2,2,1,3,1,1
D370,1,1,1,2,2,1,1,2,2,1,2
D371,1,2,3,1,1,2,1,1,1,1,1
D372,1,2,1,2,2,2,1,2,1,2,2
D373,1,1,1,3,1,1,1,2,2,1,3
D374,1,2,1,1,2,1,2,1,1,1,1
D375,1,1,1,1,1,1,1,3,2,1,1
D376,1,2,1,2,1,1,2,2,2,1,2
D377,1,1,1,1,1,2,1,2,1,2,1
D378,2,2,1,1,2,1,1,2,1,1,1
D379,3,2,1,3,2,2,2,1,2,1,3
D38,2,1,1,2,2,1,1,3,1,1,2
D380,1,1,3,2,1,1,1,2,3,1,2
D381,2,2,1,1,1,1,1,2,3,3,1
D382,3,2,1,2,1,1,1,3,3,2,2
D383,3,2,1,2,2,1,1,3,1,1,2
D384,1,1,1,3,2,1,1,3,3,1,3
D385,2,1,1,3,2,1,1,3,3,1,3
D386,2,1,3,1,1,2,1,2,3,1,2
D387,2,1,2,2,2,1,1,1,2,1,3
D388,2,2,1,1,1,1,1,3,3,1,2
D389,1,2,1,1,1,1,1,3,3,3,1
D39,1,1,2,2,1,1,1,2,1,1,3
D390,3,1,1,2,2,1,1,1,2,1,2
D391,1,2,1,1,1,1,1,2,3,1,1
D392,2,1,2,1,1,1,1,3,1,3,1
D393,1,1,1,1,2,2,1,1,3,2,1
D394,3,1,2,1,1,1,1,3,2,1,1
D395,1,1,2,1,1,1,1,2,3,1,1
D396,2,1,1,2,2,1,1,2,1,1,2
D397,1,1,1,2,1,1,1,2,1,2,2
D398,1,1,1,1,1,2,1,2,1,3,1
D399,1,2,1,2,2,1,1,3,3,1,2
D40,2,1,1,3,2,1,1,2,1,1,3
D400,1,1,1,2,1,1,1,1,1,1,2
D401,1,1,1,1,1,1,2,2,2,1,1
D402,2,1,2,3,1,1,1,1,2,2,3
D403,2,1,1,2,1,1,1,3,3,1,2
D404,2,2,1,1,2,1,1,3,1,2,1
D405,1,1,2,2,1,1,1,2,1,1,2
D406,2,2,1,2,1,1,2,2,1,1,2
D407,1,1,1,1,1,1,1,2,1,1,1
D408,1,1,1,2,1,1,1,3,1,1,2
D409,3,1,1,2,2,1,2,2,1,1,2
D41,1,1,1,2,1,1,1,1,2,2,2
D410,3,1,2,3,1,2,1,1,3,1,3
D411,3,2,1,2,1,1,1,1,2,2,2
D412,1,2,2,2,1,2,1,2,3,1,2
D413,1,2,1,2,3,1,1,2,2,1,2
D414,2,1,2,2,3,1,1,2,2,1,2
D415,1,2,2,1,2,1,1,3,2,1,1
D416,2,1,2,1,1,1,2,2,2,2,1
D417,2,2,1,1,2,1,1,2,1,1,1
D418,2,2,1,2,2,1,1,3,3,1,2
D419,2,2,1,3,1,1,1,1,1,2,3
D420,2,1,2,2,3,1,1,1,2,2,2
D421,2,2,1,3,1,2,2,1,1,2,3
D422,2,1,2,1,1,1,1,2,2,1,1
D423,1,2,1,1,1,1,1,2,2,1,1
D424,3,1,1,1,2,2,1,1,2,1,1
D425,1,1,1,3,1,1,1,3,2,1,3
D426,1,1,1,1,2,1,1,2,1,2,1
D427,3,1,2,1,1,1,1,2,2,1,1
D428,1,1,2,1,2,1,2,2,2,1,1
D429,1,2,1,1,3,1,1,2,1,1,1
D42,2,1,2,2,1,1,1,2,1,1,2
D43,3,2,1,1,1,1,1,3,2,1,1
D430,1,1,1,3,2,1,1,2,1,2,3
D431,1,1,1,2,1,2,2,1,2,1,2
D432,2,2,1,2,3,1,1,2,2,1,2
D433,2,1,1,1,1,2,1,2,2,1,1
D434,1,1,1,1,2,2,1,1,2,1,1
D435,2,2,1,1,1,1,1,1,2,2,1
D436,2,1,1,1,1,1,1,1,1,1,1
D437,2,1,1,1,2,1,1,3,1,1,1
D438,2,2,1,2,2,2,1,2,2,1,2
D439,1,1,1,3,1,2,1,1,1,1,3
D440,2,1,1,1,1,1,2,2,1,1,1
D441,1,1,2,3,2,1,1,2,1,1,3
D442,2,1,2,1,2,2,1,1,1,1,1
D444,2,3,1,1,1,1,1,2,1,1,1
D445,1,1,2,2,2,2,2,2,2,1,2
D446,2,1,2,2,2,3,1,1,2,2,2
D447,1,1,1,1,1,1,2,2,1,2,1
D448,2,1,1,2,1,2,1,1,2,2,2
D449,1,1,2,1,1,1,1,2,2,1,1
D44,2,1,1,2,1,1,1,3,2,2,2
D45,2,1,1,2,1,1,1,3,2,1,2
D450,2,1,1,2,1,1,2,2,1,1,2
D451,2,1,1,2,1,1,1,2,2,3,2
D452,1,1,2,2,2,1,1,3,2,1,2
D453,3,1,3,1,1,1,1,2,2,1,1
D454,1,1,1,1,2,1,1,2,1,1,1
D455,2,2,1,2,2,1,1,1,2,2,2
D456,2,1,1,3,1,2,2,1,2,1,3
D457,2,1,1,2,1,1,2,2,1,1,2
D458,2,1,1,1,2,2,1,1,2,1,1
D459,2,1,1,1,2,2,1,1,2,3,1
D46,2,1,2,1,1,1,1,2,2,1,1
D460,2,1,1,1,1,1,1,1,3,1,1
D461,1,1,1,2,1,2,1,2,1,1,2
D462,3,1,1,1,1,1,1,1,2,1,1
D463,1,2,2,2,1,2,1,2,1,1,2
D464,1,2,2,1,1,2,1,2,3,1,1
D465,2,2,1,1,1,3,1,1,3,1,1
D466,1,3,1,2,2,3,1,1,1,1,2
D467,2,1,3,1,2,3,1,1,2,1,1
D468,1,1,2,1,2,2,1,1,1,1,1
D469,2,1,1,2,2,1,1,2,2,1,2
D47,2,2,2,1,2,1,1,3,3,1,1
D470,1,2,1,2,1,1,1,1,1,1,2
D471,2,1,2,1,2,1,1,2,2,1,1
D472,2,1,1,1,1,1,1,3,1,1,1
D473,3,3,2,1,1,1,1,3,1,3,1
D474,2,1,1,3,2,1,1,1,2,2,3
D475,1,1,1,1,2,2,2,1,3,1,1
D476,2,2,1,1,2,1,1,3,1,1,1
D477,2,1,1,1,2,1,1,2,2,3,1
D478,1,1,1,1,3,1,1,2,1,1,1
D479,2,1,1,2,1,1,1,3,2,1,2
D480,1,1,1,1,2,2,1,1,1,2,1
D481,3,2,1,1,2,1,1,1,3,2,1
D482,1,1,2,1,1,2,1,1,2,1,1
D483,1,1,1,2,1,1,1,3,1,1,2
D484,2,1,1,2,2,2,2,2,1,1,2
D485,1,1,1,3,1,1,1,2,1,1,3
D486,2,2,1,1,2,1,1,1,3,2,1
D487,1,2,1,1,1,1,1,2,3,1,1
D488,1,1,1,1,1,1,1,3,3,1,1
D489,1,1,2,1,2,1,1,2,1,1,1
D48,2,1,1,1,2,1,1,3,1,1,1
D49,2,2,1,1,1,1,1,2,2,3,1
D490,1,1,1,2,1,1,1,2,2,1,2
D491,1,2,1,1,1,2,1,1,3,2,1
D492,2,2,1,2,1,1,1,1,2,1,2
D493,2,1,1,2,1,1,1,2,2,1,2
D494,1,2,1,1,1,2,1,2,2,3,1
D495,2,1,1,1,2,2,1,1,1,1,1
D496,1,1,1,1,1,1,1,2,3,1,1
D497,2,2,1,2,1,1,1,3,1,2,2
D498,2,1,1,2,1,1,3,2,1,2,2
D499,1,1,1,1,1,1,1,2,3,1,1
D4,2,1,1,2,1,1,2,2,2,1,2
D500,2,1,1,2,2,2,1,1,1,2,2
D501,1,1,1,2,2,1,1,1,1,1,2
D502,2,3,1,1,1,1,2,2,2,1,1
D503,2,1,1,1,2,2,1,2,1,1,1
D504,2,1,2,2,2,2,1,1,1,1,2
D505,1,1,1,1,1,1,1,2,2,1,1
D506,1,1,1,3,1,1,1,3,2,2,3
D507,2,1,1,1,2,1,2,2,2,1,1
D508,2,2,1,2,2,1,3,2,1,2,2
D509,2,1,1,2,1,1,1,1,2,1,2
D50,2,1,2,1,1,1,2,2,2,1,1
D51,2,2,1,2,1,1,1,3,3,1,2
D510,2,3,1,1,1,2,1,2,1,1,1
D511,1,2,1,1,1,2,1,2,1,2,1
D512,2,2,3,1,1,1,1,2,2,2,1
D513,3,2,1,1,1,1,1,1,2,1,1
D514,3,1,1,2,2,1,1,1,1,1,2
D515,1,1,1,1,1,1,1,1,3,1,1
D516,3,1,1,2,2,1,1,2,1,1,2
D517,1,1,1,1,1,1,1,2,2,2,1
D518,1,2,1,1,1,1,2,3,3,2,1
D519,1,2,1,1,2,2,1,1,1,1,1
D52,2,1,1,1,1,1,1,3,2,2,2
D520,2,1,2,2,2,1,1,2,2,1,2
D521,2,1,1,2,1,1,1,1,1,1,2
D522,1,1,1,2,1,1,1,1,2,1,2
D523,1,2,2,1,2,2,1,1,2,1,2
D524,1,2,2,1,1,1,1,1,1,2,1
D525,2,1,2,2,1,1,1,2,3,2,2
D526,2,1,1,1,2,1,1,3,1,1,1
D527,2,1,2,2,1,1,2,3,2,1,2
D528,2,1,1,2,1,2,1,3,2,1,2
D529,1,1,1,2,1,1,1,2,1,1,2
D530,2,1,1,3,2,2,2,2,1,2,3
D531,1,1,1,3,2,2,2,1,2,2,3
D532,1,1,1,3,1,2,2,2,2,1,3
D533,2,1,1,2,1,1,1,1,2,1,2
D534,1,1,1,3,2,1,1,1,2,1,3
D536,2,1,2,2,2,1,1,3,1,2,2
D537,1,1,1,1,1,2,1,1,2,1,1
D538,1,1,1,1,2,1,2,2,1,3,1
D539,1,1,2,2,1,1,1,1,1,2,2
D53,1,1,1,2,1,1,1,2,1,1,2
D54,3,1,1,1,1,1,1,3,3,2,1
D540,1,1,1,2,1,1,1,2,2,1,2
D541,2,1,1,3,3,1,1,2,2,1,3
D542,2,1,1,3,2,1,1,1,2,2,3
D543,2,1,1,1,2,1,1,2,3,1,2
D544,2,1,1,1,1,1,1,1,2,2,1
D545,1,2,1,3,1,1,1,3,1,1,3
D546,2,1,1,2,2,1,1,3,1,1,2
D547,1,2,1,2,1,1,1,2,2,1,2
D548,1,1,2,2,1,1,1,2,3,1,2
D549,2,1,1,3,2,1,2,2,2,1,3
D550,3,1,1,1,2,1,1,2,2,2,1
D551,1,1,1,2,2,1,1,3,1,1,2
D552,1,1,2,1,1,1,2,2,1,2,1
D553,1,1,1,1,2,2,1,2,1,1,1
D554,2,1,1,2,1,1,1,2,2,2,2
D555,2,2,2,2,1,1,1,3,2,1,2
D556,1,1,1,2,2,1,1,2,2,1,2
D557,3,2,1,1,1,2,1,1,2,1,1
D558,1,1,1,2,1,1,1,2,1,1,2
D559,2,3,1,2,2,2,1,1,1,1,2
D55,1,2,1,1,2,1,1,3,3,1,1
D56,2,1,1,3,2,1,1,2,1,1,3
D560,2,2,1,1,1,1,1,3,2,2,1
D561,2,2,1,1,2,1,1,2,2,1,1
D562,1,1,1,2,1,1,2,2,1,1,2
D563,1,2,1,1,1,1,1,1,1,2,1
D564,2,1,1,2,1,1,2,1,1,1,2
D565,1,1,1,2,1,1,1,2,1,2,2
D566,2,1,1,2,1,1,1,1,1,1,2
D567,1,1,3,1,2,1,1,2,2,1,1
D568,2,1,1,1,2,1,1,3,3,1,1
D569,2,2,1,1,1,1,1,2,3,1,1
D57,3,2,2,1,1,1,1,2,3,1,1
D570,1,1,2,2,1,2,1,1,3,1,2
D571,2,1,2,2,2,1,1,2,2,1,2
D572,1,1,1,3,1,1,1,2,1,1,3
D573,1,1,1,3,1,1,1,1,2,1,3
D574,1,1,1,1,1,1,1,2,3,1,1
D575,2,1,1,2,1,2,2,1,1,2,2
D576,2,2,1,2,3,1,1,1,1,1,2
D577,1,2,1,2,2,1,1,2,2,1,2
D578,2,2,1,1,1,1,1,1,3,1,1
D579,1,2,1,1,1,1,1,3,1,1,1
D58,1,2,1,2,2,2,1,2,1,1,2
D580,1,2,2,3,1,2,1,1,1,1,3
D581,1,2,1,1,2,1,3,3,1,2,1
D582,2,1,1,1,1,2,1,1,2,1,1
D583,1,1,2,2,1,1,1,2,2,1,2
D584,1,1,2,1,1,1,1,2,1,2,1
D585,1,1,1,1,3,1,1,2,2,1,1
D586,2,1,2,1,1,2,2,2,1,1,1
D587,1,2,1,2,1,1,1,3,2,1,2
D588,2,1,1,1,2,2,1,2,2,3,1
D589,1,1,1,2,1,1,2,1,1,1,2
D59,3,1,1,1,2,1,1,3,2,2,1
D590,1,2,2,3,1,1,1,2,3,1,3
D591,2,2,1,1,1,1,1,1,2,1,1
D592,2,2,1,2,1,2,1,2,2,1,2
D593,2,2,1,2,1,1,2,2,2,2,2
D594,1,2,1,2,1,1,1,2,3,1,2
D595,2,1,1,3,1,1,2,1,2,2,3
D596,1,2,1,2,1,1,1,3,2,1,2
D597,2,1,1,1,1,1,1,3,3,3,1
D598,2,1,1,3,1,1,1,2,3,1,3
D599,3,2,1,1,2,1,1,2,2,1,1
D5,2,1,2,1,2,1,1,1,3,1,1
D600,1,1,1,2,2,2,1,1,1,1,2
D601,1,1,1,2,1,2,1,1,3,3,2
D602,1,1,1,2,1,1,2,1,2,2,2
D603,3,1,2,1,2,2,1,2,1,1,1
D604,1,2,1,1,1,1,1,2,1,1,1
D605,1,1,1,2,1,1,2,3,2,1,2
D606,3,1,1,2,1,1,1,3,1,1,2
D607,1,1,1,2,1,1,1,3,2,1,2
D608,1,1,1,1,2,1,2,2,3,2,1
D609,3,1,1,1,1,1,1,2,2,1,1
D60,1,2,1,1,2,2,2,1,1,2,1
D610,2,1,1,2,2,2,1,2,2,1,2
D611,3,1,1,2,1,1,1,2,3,2,2
D612,1,1,1,1,1,1,2,3,2,1,1
D613,2,1,1,2,1,1,1,3,2,1,2
D614,1,2,1,1,2,1,1,3,3,1,1
D615,1,1,1,1,1,1,2,2,2,2,1
D616,1,1,1,2,2,1,1,1,1,1,2
D617,1,1,1,2,1,1,1,1,1,1,2
D618,1,2,2,1,1,1,1,3,2,2,1
D619,3,2,1,2,2,1,1,2,3,2,2
D61,2,1,2,2,2,1,1,1,3,1,2
D62,2,2,2,1,1,1,1,3,2,3,1
D620,1,1,1,2,2,2,1,2,2,1,2
D621,1,3,1,1,1,2,1,1,3,1,1
D622,2,1,2,1,2,2,2,2,2,1,1
D623,2,2,1,1,2,2,1,1,2,1,1
D625,1,2,2,1,1,1,1,2,1,2,1
D626,2,2,1,1,1,2,1,2,1,1,1
D627,3,1,1,2,2,2,1,2,1,2,2
D628,1,2,1,2,2,2,1,1,1,2,2
D629,1,1,1,2,3,1,1,2,1,1,2
D63,2,2,1,2,3,1,1,3,1,2,2
D630,2,2,1,1,1,1,1,2,2,1,1
D631,2,1,1,1,1,2,1,2,2,1,1
D632,1,1,1,1,1,2,1,2,1,1,1
D633,2,1,2,2,2,1,1,3,1,2,3
D634,1,3,1,2,1,1,1,3,1,2,2
D635,1,1,1,1,1,2,1,2,2,1,1
D636,2,1,1,1,1,1,2,2,2,1,1
D637,2,2,2,1,2,1,2,1,2,2,1
D638,1,1,1,1,1,1,1,2,1,1,1
D639,2,1,2,2,2,1,2,1,2,1,2
D64,2,1,2,1,2,1,1,3,2,1,1
D640,2,1,1,1,2,1,1,2,2,1,1
D641,2,2,1,2,2,1,1,2,2,3,2
D642,3,1,1,2,2,1,1,3,1,1,2
D643,1,1,2,3,1,1,1,3,2,1,3
D644,2,2,1,1,2,1,1,1,2,2,1
D645,3,1,1,1,1,1,1,2,2,3,1
D646,2,1,1,1,1,1,1,3,2,1,1
D647,2,1,1,1,1,1,1,2,2,1,1
D648,1,1,2,1,1,3,1,1,2,1,1
D649,1,1,1,3,1,1,1,3,3,2,3
D65,1,1,1,2,2,2,1,1,2,2,2
D650,3,1,2,1,2,2,1,2,1,1,1
D651,2,3,1,2,2,1,2,3,2,1,2
D652,1,2,1,2,3,1,1,3,2,1,2
D653,2,1,2,1,2,1,1,2,2,1,1
D654,2,1,2,2,1,1,1,2,2,1,2
D655,2,1,1,2,2,1,1,2,2,1,2
D656,1,1,1,2,2,1,1,1,2,1,2
D657,1,3,2,1,1,1,1,2,2,1,2
D658,1,2,1,1,1,1,1,3,2,2,1
D659,1,2,1,2,2,2,1,2,1,1,2
D66,2,2,1,1,1,1,1,2,2,2,1
D660,1,1,1,1,1,1,1,2,2,1,1
D661,1,2,1,2,1,1,1,2,2,1,2
D662,2,1,1,1,2,2,2,1,2,2,1
D663,2,1,1,2,1,1,2,2,2,2,2
D664,2,1,1,1,1,1,1,2,2,1,1
D665,1,3,1,2,1,1,2,2,1,1,2
D666,3,1,1,2,1,2,1,1,2,1,2
D667,2,1,1,2,1,1,1,3,2,1,2
D668,2,1,1,1,3,1,1,2,1,2,1
D669,3,1,1,2,2,1,2,2,3,2,2
D670,2,2,2,1,2,1,1,2,2,2,2
D671,1,1,2,2,2,1,1,3,2,1,2
D672,2,1,1,2,1,1,1,2,1,1,2
D673,2,1,1,1,2,1,2,3,2,1,1
D674,1,2,1,2,2,1,2,2,2,1,3
D675,1,1,2,1,2,1,2,1,1,1,2
D676,1,1,1,2,1,1,2,3,1,1,2
D677,2,2,1,1,1,1,1,2,1,2,1
D678,3,2,1,1,1,1,1,2,3,1,1
D679,2,1,1,1,1,1,1,1,2,1,1
D67,2,1,3,1,2,1,1,3,2,1,1
D68,1,1,1,2,2,1,1,3,1,1,2
D680,2,1,2,1,1,2,1,1,2,2,2
D681,1,1,2,2,1,1,1,2,3,1,2
D682,1,2,1,1,1,1,1,1,2,1,1
D683,1,1,2,3,1,1,1,3,1,1,3
D684,2,1,1,2,1,1,1,3,2,1,2
D685,1,1,1,1,2,1,1,2,2,1,1
D686,1,2,1,2,2,1,2,2,1,2,2
D687,3,2,1,2,1,1,1,3,3,1,2
D688,1,1,2,2,1,1,2,2,1,1,3
D689,1,1,2,2,2,1,1,2,2,2,2
D69,2,1,1,2,1,2,2,1,2,1,2
D690,2,1,2,2,1,1,1,1,1,1,2
D691,1,2,1,3,1,1,2,1,1,1,3
D692,1,1,1,2,1,1,1,2,3,1,2
D693,2,1,1,3,1,2,1,1,2,2,3
D694,1,1,1,2,1,1,1,2,3,1,2
D695,2,1,2,2,1,1,1,2,2,1,2
D696,2,2,2,2,2,1,2,2,2,2,2
D697,2,1,1,1,1,1,2,1,1,1,1
D698,2,2,1,1,1,1,2,2,1,1,2
D699,2,1,1,3,1,2,1,2,2,1,3
D6,3,2,1,2,1,1,1,2,1,1,2
D7,1,1,1,2,2,1,1,1,2,1,2
D70,1,1,1,1,1,1,2,2,1,2,1
D700,2,1,1,1,1,1,2,3,1,2,1
D701,1,2,1,1,1,1,2,3,2,1,1
D702,3,2,1,2,1,2,2,1,1,2,2
D703,3,1,1,3,1,1,1,2,2,1,3
D704,1,1,1,1,1,1,1,3,2,1,1
D705,2,2,1,2,1,1,1,2,2,1,2
D706,2,1,1,1,2,1,1,2,1,2,1
D707,2,1,1,1,1,1,1,2,3,1,1
D708,2,1,1,1,2,1,1,3,2,2,1
D709,1,1,2,1,2,1,3,2,2,1,1
D710,2,1,2,1,1,1,2,2,2,1,1
D711,3,2,2,1,1,2,1,1,1,1,1
D712,1,1,1,2,1,1,1,2,2,1,2
D713,1,1,1,1,1,1,1,3,2,1,1
D714,1,2,1,1,1,1,1,3,2,1,1
D715,2,2,1,2,1,2,2,1,2,1,2
D716,1,1,1,3,1,1,1,2,2,2,3
D717,1,2,2,1,2,1,1,3,1,1,1
D718,1,1,1,3,3,1,1,2,2,2,3
D719,3,1,1,2,1,1,1,2,2,2,2
D71,1,2,1,2,1,1,2,2,1,1,2
D72,1,2,2,1,1,1,1,1,1,1,1
D720,2,1,1,2,2,1,1,3,2,2,2
D721,2,1,1,1,1,1,1,3,1,1,1
D722,1,2,2,1,1,1,1,3,3,1,1
D723,3,1,2,1,1,1,1,3,3,3,1
D724,2,1,2,1,1,1,2,2,2,1,1
D725,1,1,1,2,1,2,1,2,2,1,2
D726,1,1,1,2,2,1,1,2,1,1,2
D727,1,3,1,1,2,2,1,2,3,2,2
D728,1,2,1,1,2,1,2,1,1,2,1
D729,2,1,1,2,2,1,1,2,2,1,2
D73,1,2,1,2,2,1,3,1,1,2,2
D730,2,1,2,1,1,2,2,1,2,1,1
D731,2,1,1,1,1,2,1,1,2,1,1
D732,1,1,1,1,1,1,1,1,2,1,1
D733,1,2,1,1,1,1,1,1,2,2,1
D734,3,2,1,3,1,1,1,2,1,1,3
D735,2,1,1,1,1,1,1,2,3,1,1
D736,2,1,1,1,1,2,1,2,1,2,1
D737,2,1,1,2,1,3,1,1,1,3,2
D738,2,2,1,2,1,1,1,2,2,1,2
D739,1,1,1,2,1,1,1,2,2,2,2
D74,1,3,2,1,1,1,1,3,1,2,1
D740,2,1,1,2,1,2,1,1,3,2,2
D741,2,1,1,1,1,1,1,3,3,2,1
D742,2,2,1,2,1,1,1,3,2,1,2
D743,1,2,1,1,1,1,1,3,1,1,2
D744,2,1,1,1,2,1,1,3,3,2,1
D745,1,1,2,1,3,2,1,1,3,1,1
D746,2,2,1,2,1,2,1,2,2,2,2
D747,3,1,1,1,1,1,1,3,2,1,1
D748,2,1,3,1,2,2,1,2,1,1,1
D749,1,1,1,2,1,1,1,3,1,1,2
D75,1,1,3,1,1,1,1,3,1,2,1
D750,3,1,2,2,2,1,2,1,3,2,2
D751,1,2,1,2,1,1,2,1,1,1,2
D752,1,1,1,1,2,1,1,1,2,1,1
D753,1,1,1,2,1,2,1,2,2,2,2
D754,2,1,1,2,1,2,1,1,2,1,2
D755,2,1,1,2,2,1,1,2,2,1,2
D756,2,1,1,1,1,2,2,2,2,2,1
D757,1,1,1,2,1,1,1,3,2,2,2
D758,2,1,1,1,1,2,1,1,1,3,1
D76,1,2,1,2,2,2,1,2,1,1,2
D760,1,2,1,1,2,1,1,2,1,1,1
D761,3,1,2,1,1,1,1,2,3,1,1
D762,2,1,1,2,1,1,1,2,2,1,2
D763,1,1,1,1,2,1,1,2,2,2,1
D764,2,2,2,2,1,1,1,3,3,1,2
D765,2,2,2,1,3,1,1,1,3,1,1
D766,2,2,1,1,1,2,1,2,2,1,2
D767,2,1,1,2,1,1,1,2,2,1,2
D768,2,1,2,1,2,2,1,2,3,1,1
D769,1,3,1,1,1,2,2,1,2,2,1
D770,1,1,1,3,1,1,1,3,3,1,3
D771,2,1,2,2,2,2,1,2,2,2,2
D772,1,1,1,2,1,1,1,3,2,2,2
D773,1,1,1,2,2,1,2,2,2,1,2
D774,2,1,2,1,2,1,1,3,2,2,1
D775,1,1,1,2,2,1,1,1,2,2,2
D776,1,1,1,1,2,2,1,1,1,2,1
D777,2,1,1,2,2,2,1,1,3,1,2
D778,1,1,1,1,1,1,1,3,1,1,1
D779,1,2,1,1,2,1,1,2,2,2,1
D77,2,2,2,1,1,2,1,2,2,1,1
D780,2,2,1,1,2,2,1,1,3,2,1
D781,1,1,1,1,2,1,2,1,2,1,1
D782,2,2,1,2,2,1,1,3,2,1,2
D783,1,1,1,2,1,1,2,3,1,1,2
D784,2,2,1,2,1,1,2,3,1,1,2
D785,2,1,1,1,2,2,1,2,1,1,1
D786,2,1,1,2,2,1,1,3,1,1,2
D787,3,1,1,2,2,1,1,3,2,1,2
D788,1,2,1,2,2,1,1,1,3,1,2
D789,1,1,1,3,1,2,1,2,1,2,3
D78,3,1,2,1,2,1,1,1,2,1,1
D79,2,2,1,2,3,1,1,3,1,2,2
D790,2,2,2,1,2,1,1,2,2,1,1
D791,2,2,2,2,1,1,1,2,2,2,2
D792,1,1,1,1,2,1,1,3,2,3,1
D793,3,2,1,1,2,2,2,2,1,1,1
D794,1,2,1,1,2,1,1,2,3,1,1
D795,1,2,1,1,2,2,2,2,2,1,1
D796,2,2,1,2,2,1,1,2,2,2,2
D797,1,2,1,1,2,1,1,1,3,1,1
D798,2,1,1,2,2,1,1,1,3,1,2
D799,2,2,1,2,1,1,1,3,2,1,2
D8,2,1,1,2,1,2,1,1,1,2,2
D800,3,2,1,2,2,1,1,2,2,1,2
D801,2,2,1,1,1,1,3,3,2,2,1
D802,1,1,1,3,1,1,1,2,2,1,3
D803,2,1,1,1,1,2,3,2,2,3,1
D804,1,1,2,3,2,1,1,2,1,1,3
D805,2,1,1,2,1,1,2,1,3,1,2
D806,2,2,2,2,3,2,2,2,1,1,2
D807,2,1,1,1,2,1,1,3,2,1,1
D808,2,1,1,1,1,1,1,3,2,1,2
D809,1,1,1,1,2,1,1,2,2,1,1
D80,1,1,2,1,2,1,1,2,1,1,1
D81,3,1,1,1,1,1,2,2,1,2,1
D810,1,1,1,1,1,1,1,2,1,1,1
D811,1,1,1,2,1,2,1,2,2,1,2
D812,1,2,1,1,1,1,1,1,2,1,1
D813,2,1,1,2,2,1,1,3,2,1,2
D814,2,1,2,3,1,1,1,2,2,2,3
D815,2,1,1,1,1,1,1,2,1,1,1
D816,1,1,1,2,2,2,1,2,2,1,2
D817,1,1,1,1,1,1,2,1,1,1,2
D818,2,1,1,1,2,1,1,3,1,1,1
D819,1,1,1,1,2,1,1,2,1,1,1
D82,1,1,1,2,1,1,1,2,1,2,2
D820,1,1,1,2,1,1,1,2,2,2,2
D821,2,1,2,1,2,2,2,1,2,1,1
D822,2,1,1,1,3,1,1,3,2,1,1
D823,2,1,2,1,2,2,1,2,3,1,1
D824,2,1,1,2,1,2,1,2,1,2,2
D825,2,1,1,2,1,2,2,2,1,1,2
D826,2,2,1,2,1,2,1,1,1,2,2
D827,2,2,1,2,2,1,1,2,2,2,3
D828,3,1,1,1,1,1,1,2,2,2,1
D829,1,3,1,2,1,2,2,1,1,1,2
D83,2,2,1,1,1,1,1,3,1,1,1
D830,2,2,1,1,2,1,2,2,2,2,1
D831,2,1,1,2,1,2,1,2,2,1,2
D832,1,1,2,1,1,1,1,2,1,2,1
D833,1,1,1,1,1,1,1,3,2,1,1
D834,1,2,1,1,1,1,1,2,2,1,1
D835,1,1,1,1,1,3,2,1,2,1,1
D836,2,1,2,2,1,1,1,1,3,2,2
D837,3,2,2,2,1,1,1,3,1,1,2
D838,1,1,1,2,1,2,1,2,2,1,2
D839,1,1,1,1,1,1,2,3,1,2,1
D84,2,1,1,1,1,1,1,2,2,1,1
D840,2,2,1,2,3,1,1,1,2,1,2
D841,2,1,1,1,2,1,1,3,2,1,1
D842,1,1,1,2,1,1,1,3,2,1,2
D843,2,2,2,2,2,1,1,3,2,1,2
D844,3,1,2,2,1,1,1,3,2,1,3
D845,1,1,2,2,1,1,1,3,2,2,2
D846,2,1,1,1,1,2,1,1,2,2,1
D847,1,1,1,2,2,1,1,2,3,1,2
D848,2,2,2,2,3,1,2,2,2,2,2
D849,1,2,1,2,1,1,2,1,2,1,2
D85,2,2,1,2,1,1,1,2,1,3,2
D850,1,2,1,2,2,1,1,3,1,2,3
D851,2,1,1,1,1,2,1,2,3,2,1
D852,2,1,1,1,1,1,1,1,1,1,1
D853,2,1,1,1,1,2,1,2,1,1,1
D854,2,1,1,1,2,1,2,2,1,1,1
D855,2,1,1,1,1,2,1,1,2,1,1
D856,1,1,1,2,1,1,1,2,2,1,2
D857,3,2,1,1,3,1,1,2,2,1,1
D858,2,1,2,1,3,1,1,1,2,1,1
D859,2,2,1,1,1,2,1,1,2,1,1
D86,1,1,1,1,2,1,1,2,2,3,1
D860,3,1,1,1,2,2,1,1,3,2,1
D861,1,1,1,2,1,1,1,3,1,2,2
D863,1,2,1,1,1,1,2,2,2,1,1
D864,1,1,1,2,2,1,1,3,1,1,2
D865,1,1,1,1,1,1,1,2,3,1,1
D866,2,1,1,1,1,1,2,2,2,1,1
D867,1,3,1,2,1,2,1,2,2,1,2
D868,1,2,1,2,1,1,2,2,3,2,2
D869,1,2,1,1,2,1,1,3,3,1,1
D87,1,1,2,1,1,1,1,3,1,2,1
D870,1,1,1,1,1,1,1,1,1,1,1
D871,3,1,1,2,1,1,1,3,2,1,2
D872,1,1,1,1,2,1,1,2,2,1,1
D873,1,1,1,2,1,1,1,3,2,1,2
D874,1,1,2,1,1,2,1,2,3,1,1
D875,3,2,2,2,2,1,1,2,2,2,2
D876,2,1,2,3,2,1,2,1,1,1,3
D877,2,1,2,2,2,1,1,3,2,2,2
D878,1,1,1,3,1,1,1,1,2,2,3
D879,2,1,1,2,1,1,1,1,2,2,2
D88,2,2,1,2,1,2,2,1,1,2,2
D880,2,1,1,1,2,1,2,3,2,2,1
D881,1,2,1,3,1,2,1,2,2,1,3
D883,2,2,1,2,1,1,1,1,1,2,2
D884,2,2,1,2,2,2,1,2,2,1,2
D885,2,1,1,1,1,1,2,1,2,2,2
D886,2,1,1,3,1,2,1,2,1,1,3
D887,3,1,1,1,2,1,1,1,1,1,1
D888,1,2,1,1,1,1,1,3,2,1,1
D889,2,1,1,2,1,2,1,1,2,2,2
D89,1,1,1,2,2,1,2,1,2,1,2
D890,2,1,1,1,1,1,1,1,2,2,1
D891,2,2,1,2,2,1,1,2,1,3,2
D892,1,1,1,1,2,2,1,1,2,1,1
D893,2,1,1,1,2,2,1,2,1,1,1
D894,1,1,1,1,2,1,2,2,2,1,1
D895,1,1,1,1,2,1,1,2,1,1,1
D896,3,1,1,2,2,1,1,2,2,2,2
D897,1,3,1,2,2,1,1,2,1,1,2
D898,1,1,1,1,1,1,1,1,2,2,1
D899,1,1,1,2,1,1,1,3,2,1,2
D9,2,1,1,1,1,3,2,1,2,2,1
D90,2,2,2,1,1,1,1,1,2,1,1
D900,1,1,1,1,2,1,1,3,1,1,1
D901,1,1,3,1,2,1,1,1,2,1,1
D902,2,2,1,2,1,1,2,2,3,1,2
D903,2,1,1,2,2,1,1,2,1,1,2
D904,2,2,1,2,2,2,1,2,3,2,2
D905,1,2,1,1,1,2,2,2,3,2,1
D906,1,1,1,1,2,1,1,2,1,1,1
D907,3,1,1,2,1,1,1,1,2,2,3
D908,2,1,1,2,1,1,1,3,2,2,2
D909,1,1,1,2,1,1,1,1,2,2,3
D91,2,1,1,2,1,1,1,2,1,1,2
D910,1,1,2,2,2,2,1,1,1,1,2
D911,2,1,1,1,1,1,1,3,2,1,1
D912,2,2,2,1,1,1,1,2,2,1,2
D913,3,1,1,1,2,1,1,2,2,1,1
D914,1,1,1,1,1,1,2,3,2,2,1
D915,2,1,1,1,1,1,1,3,1,2,1
D916,3,1,1,3,2,1,1,2,1,1,3
D917,1,2,1,1,1,2,1,2,2,1,1
D918,1,1,1,1,1,1,1,2,2,1,1
D919,2,2,1,2,1,1,2,1,1,2,2
D92,2,1,1,2,2,1,1,2,1,1,1
D920,3,1,1,2,1,1,1,2,3,2,2
D921,2,3,1,2,2,1,1,1,2,2,2
D922,1,2,2,1,1,1,1,2,1,2,1
D923,1,1,1,1,2,1,1,2,1,1,1
D924,1,1,1,1,1,2,1,1,2,1,1
D925,1,1,1,1,1,1,1,2,1,1,2
D926,1,1,1,2,1,1,1,3,2,1,2
D927,1,2,1,1,2,2,1,2,1,2,1
D928,2,1,1,3,1,1,1,1,3,2,3
D929,1,1,1,2,2,1,2,3,1,2,2
D930,3,2,1,1,2,1,2,1,2,1,1
D931,1,2,1,1,1,1,1,2,1,2,1
D932,2,1,1,1,1,1,1,3,1,2,1
D933,1,1,1,2,1,1,1,2,2,2,2
D934,2,1,1,1,2,1,1,1,3,1,1
D935,2,1,2,1,2,1,1,3,2,2,1
D936,2,1,1,1,1,1,1,2,2,2,1
D937,1,2,1,2,1,1,2,2,1,1,2
D938,1,2,1,1,1,2,2,1,2,1,1
D939,1,3,1,1,1,1,1,1,1,2,2
D93,3,1,1,2,2,1,1,2,2,2,2
D940,1,1,1,1,1,1,1,3,2,1,1
D941,2,1,2,2,2,1,1,3,2,2,2
D942,1,2,1,3,2,1,1,2,1,1,3
D943,2,1,1,2,2,1,1,2,3,1,2
D944,1,1,1,1,2,1,2,2,1,1,1
D945,2,2,1,1,1,3,1,1,3,2,1
D946,2,1,1,1,1,3,1,1,2,1,1
D947,1,1,1,1,1,1,1,2,2,1,2
D948,1,2,2,2,2,1,1,1,1,1,2
D949,2,1,1,2,1,2,2,2,1,1,2
D94,2,1,1,2,1,1,1,2,1,2,2
D95,2,1,2,1,1,1,1,2,2,1,1
D950,1,1,2,1,2,1,1,1,3,1,1
D951,2,1,1,3,1,1,1,3,3,1,3
D952,2,1,1,3,2,1,1,2,3,3,3
D953,2,1,2,1,1,1,2,1,2,1,2
D954,2,2,1,2,1,1,1,3,1,2,2
D955,1,1,1,1,1,1,1,3,2,1,1
D956,1,1,1,1,1,1,1,2,3,1,1
D957,1,1,2,1,2,1,1,1,2,2,1
D958,1,1,1,3,2,2,1,1,2,2,3
D959,1,2,1,1,2,2,1,1,2,1,1
D96,1,2,1,3,1,1,1,3,3,1,3
D960,2,1,1,2,2,1,1,1,2,1,2
D961,2,3,1,1,2,1,1,3,1,2,1
D962,2,1,1,1,2,2,1,2,1,1,1
D963,1,2,1,2,1,1,1,2,2,1,2
D964,1,2,1,2,1,1,1,1,1,1,2
D965,3,1,2,1,1,2,1,2,1,1,1
D966,2,1,1,1,2,1,1,2,3,2,1
D967,1,2,1,1,2,1,1,3,3,1,1
D968,1,1,1,3,1,1,1,3,2,2,3
D969,2,1,1,1,1,1,1,2,2,1,1
D970,2,1,2,2,1,1,1,2,2,1,2
D971,2,2,1,3,1,1,1,2,2,2,3
D972,1,1,1,3,2,1,1,2,2,2,3
D973,2,1,1,2,1,1,2,3,1,2,2
D974,2,1,1,1,1,1,2,2,1,2,1
D975,2,1,1,1,2,1,1,2,2,2,1
D976,2,1,1,2,2,3,1,1,1,3,2
D977,1,1,1,1,2,2,1,2,2,2,1
D978,2,1,1,1,2,1,1,1,1,1,1
D979,1,1,1,2,2,1,2,1,2,2,2
D97,2,1,1,2,1,2,1,2,1,1,2
D98,1,1,1,1,2,1,1,2,1,1,1
D980,2,1,1,1,2,2,2,1,1,1,1
D981,3,1,1,2,1,1,2,3,2,3,2
D982,2,1,1,1,1,2,1,1,2,2,1
D983,1,1,1,2,1,3,1,1,3,1,2
D984,2,1,1,2,1,1,2,2,1,2,2
D985,1,2,1,1,1,2,1,2,2,1,1
D986,1,2,2,1,2,1,2,2,2,1,1
D987,2,2,1,1,1,1,1,1,1,2,1
D988,2,1,1,1,1,1,1,3,1,1,1
D989,3,1,1,1,2,2,1,2,2,1,1
D99,2,2,1,2,2,1,1,2,2,2,2
D990,1,1,1,2,1,2,1,1,1,1,2
D991,1,1,1,1,2,1,1,2,2,1,1
D992,1,1,1,1,1,1,1,2,1,2,1
D993,1,1,1,1,1,2,1,2,2,1,1
D994,1,1,1,2,1,2,1,1,1,1,2
D995,2,1,1,2,1,1,1,2,1,1,2
D996,3,2,1,3,1,1,1,2,1,1,3
D997,1,1,2,2,2,1,1,3,2,1,2
D998,1,1,1,1,1,1,1,3,2,2,1
D999,1,1,1,1,2,1,1,2,2,2,1