Dnumber,rs3193672,rs318801,rs321775,rs7022,rs675,rs174465,rs4520,rs4225,rs907,rs2017964,rs28668976
D1,1,1,1,2,1,2,3,3,3,1,1
D100,2,2,2,1,1,2,1,3,2,1,2
D1000,1,2,2,3,3,3,1,1,2,2,1
D1001,3,1,1,2,1,2,1,1,1,1,1
D1002,2,2,2,2,1,2,2,2,2,2,2
D1003,1,2,3,2,1,2,1,1,2,3,2
D1004,2,3,3,2,1,3,2,2,2,1,1
D1005,2,1,2,1,1,3,3,3,1,2,1
D1006,2,3,2,1,2,1,2,2,1,3,1
D1007,2,1,1,1,2,2,1,1,3,2,1
D1008,1,1,1,2,1,3,1,1,3,1,1
D1009,3,1,1,1,1,2,2,2,2,3,1
D1010,1,2,2,2,2,2,2,2,1,1,1
D1011,1,1,1,1,3,1,1,1,2,1,1
D1012,2,3,3,1,1,1,1,3,2,2,1
D1013,2,1,2,2,1,1,1,2,2,2,1
D1014,1,1,1,2,1,1,3,3,2,2,1
D1015,2,1,2,3,1,2,2,2,3,1,1
D1016,1,2,2,2,1,3,1,1,2,1,1
D1017,2,2,2,2,1,2,2,3,1,1,2
D1018,2,1,1,3,1,1,1,2,1,2,1
D1019,1,1,2,2,3,1,1,1,2,1,1
D101,1,1,2,2,2,3,2,3,2,2,1
D102,1,2,2,2,1,2,2,2,2,1,1
D1020,1,1,1,1,1,2,1,1,2,1,1
D1021,1,1,1,1,2,2,1,1,1,3,3
D1022,2,1,2,2,2,3,1,2,2,1,1
D1023,1,1,1,1,1,2,1,1,1,1,1
D1024,2,2,2,1,3,1,1,1,2,1,1
D1025,1,1,1,2,1,3,3,3,1,1,1
D1026,2,1,1,1,2,1,1,1,1,2,1
D1027,1,1,1,3,2,1,1,1,2,2,1
D1028,2,3,3,3,1,1,2,2,1,2,1
D1029,1,2,2,3,2,2,1,1,3,2,2
D103,2,1,2,1,1,2,2,3,1,1,1
D1030,2,1,3,1,1,2,1,3,2,3,1
D1031,1,1,1,1,1,1,2,2,1,2,1
D1032,1,1,1,1,2,2,2,2,2,1,1
D1033,1,1,1,3,1,3,1,1,3,2,1
D1034,2,1,2,1,2,2,1,1,2,2,1
D1035,2,3,3,1,1,2,2,2,1,1,1
D1036,2,2,2,1,3,1,1,2,3,2,1
D1037,2,1,1,2,1,1,3,3,2,1,1
D1038,2,2,2,1,1,2,1,2,2,1,1
D1039,2,2,2,2,1,3,2,2,1,2,1
D104,1,2,2,2,2,1,1,2,3,3,3
D1040,2,1,1,1,1,1,2,2,1,3,1
D1041,2,1,2,3,2,2,1,2,1,3,2
D1042,1,2,2,2,1,2,2,2,3,2,1
D1043,1,2,2,1,1,2,1,2,1,3,1
D1044,1,1,1,1,1,2,1,2,2,3,1
D1045,1,1,1,1,1,1,1,2,1,3,1
D1046,1,1,1,1,1,2,1,1,1,2,1
D1047,1,2,3,1,1,1,1,1,2,1,1
D1048,1,2,2,2,NaN,3,3,3,2,2,1
D105,2,1,2,1,1,2,1,2,1,2,1
D1050,1,1,1,1,1,2,2,2,1,2,1
D1051,2,1,1,2,1,1,2,3,1,2,1
D1052,1,1,1,1,1,2,1,2,1,2,1
D1053,1,1,1,2,1,1,1,1,2,3,1
D1054,3,1,1,2,2,3,1,1,1,2,1
D1055,1,1,1,1,1,2,1,1,1,2,1
D1056,1,1,2,1,3,1,1,1,1,3,2
D1060,1,2,2,2,1,2,2,2,2,2,1
D1062,2,2,3,1,1,2,1,1,3,1,2
D1064,2,2,2,1,2,2,1,2,2,2,1
D1065,1,1,1,2,1,1,2,2,2,1,2
D1066,1,1,1,2,1,2,2,3,1,1,2
D1067,1,2,2,2,3,1,1,1,1,2,1
D1068,2,1,1,2,1,1,3,3,2,1,1
D106,1,2,2,1,2,1,2,2,2,2,1
D1072,1,1,2,3,2,2,1,1,2,2,1
D1073,1,1,1,2,2,1,1,1,1,1,1
D1075,3,2,2,1,1,1,2,2,1,3,1
D1078,2,1,2,3,2,1,2,2,1,1,1
D1079,2,2,3,2,3,3,1,1,1,2,1
D107,1,2,1,2,2,1,1,2,2,1,1
D1080,1,1,1,1,2,3,1,1,2,1,1
D1081,2,1,1,1,2,2,1,1,2,2,1
D1084,1,1,1,2,2,1,2,2,1,1,1
D1085,2,2,2,1,1,2,2,2,2,1,1
D1086,2,1,1,3,1,1,3,3,2,1,1
D108,1,1,2,2,2,3,2,3,1,1,1
D1090,1,1,1,3,2,3,1,1,2,1,1
D1091,1,1,1,1,1,2,2,2,3,2,1
D1093,1,2,1,2,1,1,2,3,1,2,2
D1094,2,2,2,1,2,2,1,2,1,2,2
D1095,1,1,1,1,NaN,2,3,3,2,2,1
D1098,1,1,1,1,3,2,1,1,1,1,1
D1099,1,2,1,2,3,1,1,1,1,2,1
D109,1,1,1,1,1,2,1,1,2,1,1
D10,2,1,2,2,3,1,1,1,1,2,2
D11,1,2,3,1,3,2,1,1,1,2,1
D110,1,1,1,2,1,2,2,2,1,2,1
D1101,1,1,1,2,2,1,2,3,2,3,1
D1103,1,1,1,2,1,2,1,1,2,1,2
D1104,1,1,2,2,1,1,1,3,1,3,1
D1106,1,1,1,2,2,2,1,2,2,2,1
D1108,1,1,1,2,1,1,2,3,2,2,1
D1109,1,1,2,1,2,3,1,2,2,2,1
D111,1,2,2,1,1,1,3,3,2,3,1
D112,2,2,2,3,2,1,1,2,2,2,1
D113,1,1,2,1,2,2,2,3,1,2,1
D114,1,1,2,1,1,1,1,1,1,3,1
D115,3,1,1,2,1,1,2,2,1,2,1
D116,1,1,3,3,2,2,1,1,1,2,1
D117,2,2,2,1,2,3,1,2,1,1,1
D118,2,2,2,2,2,2,2,2,2,2,1
D119,1,2,2,2,1,3,2,3,1,1,1
D120,1,2,2,2,1,2,2,2,2,2,1
D121,1,1,1,1,1,2,2,2,1,1,1
D123,2,1,1,2,1,1,2,2,1,1,1
D124,1,1,1,2,2,1,1,2,1,3,2
D125,1,2,2,1,2,1,2,2,1,2,2
D126,1,1,1,3,1,1,1,1,1,2,1
D127,3,1,1,2,1,3,1,3,3,1,1
D128,1,1,2,1,1,2,2,2,1,2,3
D129,1,2,2,2,2,1,1,1,1,2,1
D12,1,2,2,1,2,2,2,2,1,1,1
D13,1,3,3,2,2,2,1,1,3,2,2
D130,1,1,2,1,1,1,2,3,2,2,1
D131,1,1,1,2,2,1,1,1,1,2,2
D132,1,1,3,2,1,2,1,2,2,1,1
D133,1,2,2,2,2,1,1,1,1,2,2
D134,1,1,1,1,1,2,1,2,1,2,1
D135,1,2,2,3,2,1,1,1,1,1,1
D136,2,1,1,1,2,2,2,2,2,3,1
D137,1,1,1,2,1,1,2,2,3,1,1
D138,1,1,1,2,2,1,1,1,2,2,1
D139,1,3,3,1,3,3,1,1,1,2,1
D14,2,1,2,1,1,1,1,1,1,1,1
D140,3,1,1,2,1,1,2,2,1,2,1
D141,2,2,2,2,1,2,2,2,1,2,1
D142,1,1,2,1,1,1,2,2,1,1,1
D143,1,3,3,1,3,3,1,1,1,1,1
D144,1,1,1,1,2,1,1,1,2,1,2
D145,2,2,2,2,1,2,2,3,1,2,1
D146,1,1,2,1,1,2,1,2,1,2,1
D147,2,1,2,2,1,2,3,2,2,1,2
D148,2,2,2,1,1,2,3,3,2,2,1
D149,1,2,2,2,2,1,1,1,2,1,1
D15,1,1,1,1,1,2,2,2,1,2,1
D150,1,2,2,2,2,2,1,1,1,2,1
D151,2,1,2,1,1,1,1,1,1,2,1
D152,1,1,2,1,1,2,2,3,3,3,2
D153,2,1,1,1,1,1,2,2,1,2,1
D154,1,2,2,1,3,2,1,1,1,2,1
D155,1,2,2,1,1,2,2,3,1,2,1
D156,1,2,2,1,2,2,1,2,1,2,1
D157,2,1,2,1,1,1,2,2,1,2,1
D158,1,2,2,1,1,1,1,1,3,1,2
D159,1,2,2,1,1,1,1,1,1,3,2
D160,1,2,2,2,1,2,2,3,1,2,1
D161,2,2,2,2,2,2,1,1,2,2,1
D162,2,2,2,1,2,2,2,2,1,2,1
D163,2,1,1,1,2,2,2,2,1,1,1
D164,1,1,1,2,1,1,1,2,1,3,3
D165,1,1,2,1,2,1,1,2,1,2,1
D166,1,1,2,1,2,1,1,2,1,1,2
D167,1,1,1,2,1,2,1,1,2,1,1
D168,2,2,2,2,1,1,2,2,2,2,1
D169,2,1,1,1,2,2,1,3,2,1,2
D16,1,1,1,1,1,1,2,2,3,2,2
D17,1,2,2,1,2,2,2,2,2,2,2
D170,1,2,3,2,1,1,2,2,1,1,1
D171,2,1,1,1,1,1,2,2,1,2,1
D172,1,2,2,2,2,2,2,2,2,2,2
D173,1,3,3,1,1,2,2,3,1,1,1
D174,1,1,3,2,2,1,1,1,1,2,1
D175,1,1,1,1,1,2,1,2,2,1,2
D176,2,1,2,1,1,1,2,3,1,1,1
D177,2,1,2,1,3,2,1,1,1,1,1
D178,2,1,1,1,2,3,1,2,1,1,1
D179,1,1,1,2,1,2,2,2,3,1,1
D180,1,1,3,3,2,1,1,1,2,1,1
D181,2,1,2,1,3,2,1,1,1,2,1
D182,1,3,3,1,1,3,2,3,1,1,1
D183,1,1,1,2,2,2,1,1,3,2,1
D184,3,1,1,1,2,1,1,1,2,1,1
D185,1,2,2,2,1,2,2,2,1,1,1
D186,1,1,1,2,1,2,2,2,2,2,2
D187,2,1,1,1,3,1,1,1,2,2,1
D188,1,2,3,2,2,2,1,2,1,2,2
D189,1,1,1,2,1,2,2,2,2,1,1
D18,2,2,2,1,1,1,2,2,2,1,1
D190,1,1,1,2,1,1,2,2,2,1,1
D191,1,2,2,1,1,1,2,2,1,2,2
D192,1,1,1,3,2,2,1,2,2,2,1
D193,1,1,1,1,NaN,1,2,2,1,3,3
D194,1,2,2,2,1,1,2,2,2,1,1
D195,2,2,2,1,1,2,2,3,2,3,1
D196,3,2,2,1,2,2,1,1,1,2,1
D197,1,1,2,2,1,2,1,2,1,2,2
D198,1,1,2,1,1,1,1,1,1,1,1
D199,1,1,1,2,1,3,1,2,1,2,1
D19,2,1,1,2,2,2,2,2,2,2,1
D200,1,1,1,2,1,2,1,1,1,2,1
D201,1,2,2,2,2,2,2,2,1,1,1
D202,1,1,1,2,2,1,1,1,1,2,1
D203,1,3,3,2,2,2,1,1,1,2,2
D204,2,1,2,2,1,2,1,2,2,1,1
D205,2,1,1,3,2,1,2,2,1,3,1
D206,1,1,2,2,1,3,1,1,1,2,1
D207,3,1,1,2,1,2,2,3,2,2,1
D208,1,2,2,1,2,1,2,2,1,3,2
D209,1,1,1,1,1,2,1,2,2,1,1
D20,2,1,2,3,2,1,1,1,1,2,1
D21,2,1,1,1,1,3,1,2,1,2,1
D210,2,2,2,2,1,1,1,1,1,1,1
D211,2,1,1,3,1,2,1,1,1,2,2
D212,1,1,2,2,1,1,2,3,2,2,1
D213,1,1,1,1,1,3,1,1,1,2,2
D214,1,1,1,1,2,2,1,1,1,1,1
D215,3,2,2,1,2,2,2,2,1,2,1
D216,2,1,2,1,1,3,1,1,1,2,1
D217,1,2,2,1,1,1,1,2,1,1,1
D218,2,2,2,2,1,2,1,2,1,1,2
D219,3,1,2,1,1,2,1,1,1,2,1
D22,1,2,2,1,2,2,1,1,2,2,1
D220,3,1,2,2,1,2,1,1,1,2,1
D221,1,1,1,2,2,2,1,1,1,2,1
D222,2,1,1,2,2,2,2,2,3,1,1
D223,1,2,3,3,1,2,1,1,1,1,1
D224,1,1,1,1,1,2,1,1,1,1,1
D225,2,1,1,1,1,2,1,2,2,3,1
D226,2,2,2,2,1,1,1,1,1,1,1
D227,1,1,1,2,2,2,2,2,2,1,1
D228,1,1,2,1,NaN,3,3,3,1,2,1
D229,1,1,1,2,2,2,1,2,1,2,1
D230,1,1,1,1,3,2,1,1,1,2,1
D231,3,2,3,2,2,2,1,2,2,2,1
D232,1,2,2,2,2,1,1,2,1,1,1
D233,1,1,1,1,NaN,2,2,2,1,3,3
D234,1,1,1,1,2,2,2,2,1,1,1
D235,2,1,2,2,3,2,1,1,1,2,1
D236,1,1,1,1,1,2,2,2,2,1,1
D237,1,1,1,2,1,1,2,2,2,1,1
D238,2,1,1,2,1,2,1,3,1,3,1
D239,1,1,1,2,2,1,1,2,1,2,1
D23,2,1,1,3,3,2,1,1,1,2,1
D24,1,2,2,3,1,1,1,1,2,2,1
D240,1,1,1,1,2,1,2,2,2,1,2
D241,1,1,1,1,2,3,1,1,1,2,1
D242,1,1,1,1,2,1,1,1,2,2,1
D243,2,1,1,1,1,3,1,2,2,2,1
D244,1,2,2,3,1,2,1,2,2,2,1
D245,3,2,2,1,2,1,2,1,1,1,2
D246,1,1,1,2,1,2,1,1,1,2,1
D247,1,2,2,2,2,2,2,2,1,2,1
D248,2,1,1,2,1,2,1,1,1,1,1
D249,2,1,2,2,2,1,1,1,2,3,1
D250,1,1,1,1,2,3,1,2,2,2,1
D251,1,1,1,1,3,1,1,1,2,1,2
D252,2,1,1,1,1,1,1,2,2,2,1
D253,1,2,2,1,3,1,1,1,1,2,2
D254,3,1,1,2,1,2,1,3,1,1,1
D255,2,1,1,1,2,2,2,2,1,3,1
D256,2,1,1,2,2,1,2,2,2,3,1
D257,2,2,2,1,2,1,2,2,2,2,1
D258,2,1,1,2,1,2,1,1,2,2,1
D259,1,1,1,2,2,1,2,2,1,1,2
D25,1,2,2,1,2,2,1,1,1,1,1
D260,1,1,2,2,2,2,1,1,1,2,2
D261,1,2,2,2,1,2,1,2,3,2,1
D262,2,1,2,1,NaN,2,2,2,1,2,2
D263,1,1,1,2,1,1,2,2,1,2,2
D264,1,1,2,1,1,1,3,3,2,1,1
D265,1,2,2,1,1,1,2,2,2,2,1
D267,1,2,2,1,1,2,3,3,1,2,1
D268,3,1,1,1,2,1,1,1,1,1,1
D269,1,1,2,2,1,1,2,2,1,1,1
D26,2,3,3,1,1,2,2,3,2,2,1
D270,1,1,2,2,2,1,1,2,1,1,1
D271,1,1,1,1,2,1,2,2,1,3,1
D272,1,1,1,1,2,1,1,1,2,1,1
D273,2,2,2,1,1,1,2,2,2,2,1
D274,1,1,1,1,1,1,2,2,2,2,1
D275,1,1,1,1,3,2,1,1,2,1,1
D276,2,2,2,2,1,1,2,2,3,1,2
D277,1,2,2,1,2,3,2,2,1,1,1
D278,1,2,2,1,2,1,2,2,2,2,1
D279,3,1,2,1,2,1,1,1,2,3,1
D27,1,1,2,2,2,1,2,2,1,3,2
D280,1,1,1,1,3,2,1,1,1,2,1
D281,1,1,1,2,1,2,1,1,1,2,1
D282,2,2,2,1,2,1,2,2,1,2,1
D283,1,1,1,2,1,2,1,1,1,3,1
D284,1,2,2,1,1,1,1,1,1,2,1
D285,1,1,2,2,2,2,1,1,1,1,1
D286,1,1,2,3,1,2,1,1,1,3,2
D287,1,1,2,3,1,1,1,1,1,2,2
D288,1,1,1,2,1,1,2,2,1,2,2
D289,1,1,1,1,2,2,2,2,1,1,1
D28,1,1,1,1,1,1,2,2,1,3,2
D290,3,1,2,1,1,1,2,2,1,1,1
D291,2,1,1,2,2,3,1,1,1,3,1
D292,3,2,2,1,1,3,2,3,1,1,1
D293,1,1,1,3,1,1,1,1,1,2,1
D294,2,1,3,1,2,2,1,1,1,1,1
D295,1,2,2,2,3,2,1,1,2,2,2
D296,2,1,1,3,2,1,1,1,3,2,1
D297,1,1,1,3,3,2,1,1,1,1,2
D298,2,1,2,2,1,1,1,1,2,3,1
D299,2,1,2,2,3,2,1,1,1,1,1
D29,2,1,1,1,3,1,1,1,1,2,1
D2,2,3,3,1,2,2,1,1,1,1,1
D3,1,1,1,1,1,2,2,2,1,1,1
D300,3,1,1,3,1,1,2,2,2,3,1
D301,1,1,1,1,1,1,1,1,1,2,1
D302,3,1,1,3,NaN,2,3,3,1,3,1
D303,1,1,1,2,1,1,1,1,1,2,1
D304,3,1,1,1,1,2,2,2,2,2,1
D305,1,1,1,3,1,1,1,2,2,2,2
D306,2,1,1,1,2,2,1,1,3,1,1
D307,1,3,3,2,1,2,2,2,1,3,1
D308,1,1,1,1,1,1,1,1,2,2,1
D309,1,1,1,2,2,2,1,1,1,1,2
D30,1,1,1,2,2,1,1,2,3,3,1
D31,1,2,2,2,2,2,1,2,1,2,2
D310,1,1,1,2,2,3,1,1,3,3,1
D311,2,1,1,3,1,2,2,2,2,1,2
D312,2,1,2,1,2,2,2,2,2,1,2
D313,1,1,2,1,1,2,1,1,1,2,1
D314,1,1,1,1,2,2,2,2,1,2,1
D315,2,1,2,1,1,1,2,2,1,1,2
D316,1,1,1,2,2,2,2,2,1,1,2
D317,1,1,1,1,1,2,1,1,1,3,1
D318,3,1,1,1,1,3,1,2,1,2,1
D319,1,3,3,1,1,2,2,2,1,3,1
D320,1,2,2,3,2,3,1,1,3,2,2
D321,1,1,1,2,1,2,1,2,2,1,2
D322,1,1,2,1,2,2,1,1,1,2,2
D323,1,1,1,1,1,2,3,3,1,1,2
D324,1,1,2,2,1,1,3,3,2,2,1
D325,1,1,1,2,1,1,2,2,1,2,1
D326,2,1,2,3,1,2,2,2,2,3,2
D327,1,2,2,1,1,2,2,2,1,2,2
D328,1,1,1,2,2,2,1,2,3,1,1
D329,1,2,3,2,1,3,2,2,2,1,1
D32,1,2,2,1,2,3,1,1,1,1,2
D33,1,1,1,1,2,2,1,1,1,2,1
D330,2,1,1,2,1,1,3,3,1,2,1
D331,2,2,3,1,1,2,2,2,1,2,1
D332,1,2,2,2,2,1,1,2,2,1,1
D333,2,2,2,1,1,1,2,2,1,1,1
D334,2,1,2,2,3,1,1,1,1,2,1
D335,1,2,2,2,1,1,2,2,1,2,1
D336,1,2,2,2,1,2,1,1,1,2,1
D337,1,1,1,2,1,3,1,1,2,1,1
D338,1,1,1,3,NaN,2,2,2,2,3,2
D339,1,1,2,1,2,2,1,1,2,2,1
D340,2,3,3,1,1,1,1,1,2,1,1
D341,1,1,1,2,2,2,2,2,1,1,1
D342,1,2,2,2,1,2,1,1,3,3,1
D343,1,1,1,3,2,1,1,1,1,1,1
D344,2,2,2,2,NaN,2,2,3,1,1,2
D345,2,1,1,2,1,1,2,2,1,1,1
D346,2,2,2,2,3,2,1,1,2,1,1
D347,1,1,2,1,1,1,2,2,1,3,1
D348,1,2,2,1,1,2,1,1,1,1,1
D349,1,1,1,2,1,1,3,3,2,2,1
D34,1,2,2,2,1,2,1,1,2,2,2
D35,1,1,1,1,3,3,1,1,1,1,1
D350,2,1,2,2,1,2,2,2,1,2,2
D352,1,1,2,1,2,1,2,2,2,2,2
D353,1,1,1,1,1,2,3,3,1,2,1
D354,1,2,2,3,2,2,1,2,1,2,1
D355,1,1,1,1,2,2,1,1,1,1,1
D356,3,1,2,1,2,1,1,1,1,2,1
D357,2,2,2,2,2,3,2,2,2,2,1
D358,1,2,2,1,1,1,1,3,2,2,1
D359,1,1,1,1,1,2,2,2,1,1,1
D360,1,1,1,1,2,2,1,1,2,1,1
D361,2,1,1,2,1,3,2,2,2,1,1
D362,1,1,2,2,2,1,1,1,2,1,1
D363,1,1,1,2,2,1,2,2,2,1,1
D364,1,1,1,2,3,1,1,1,1,1,1
D365,2,1,1,1,1,1,2,2,2,3,1
D366,1,1,1,2,2,1,1,2,1,1,1
D367,2,1,1,1,2,2,1,2,2,2,1
D368,1,2,2,2,1,2,1,2,1,2,1
D369,1,2,2,2,3,3,1,1,3,1,1
D36,2,1,1,2,2,1,2,2,2,3,1
D37,1,2,2,2,2,2,1,1,2,2,2
D370,1,2,2,2,2,1,2,2,2,2,1
D371,2,2,2,1,2,3,1,1,1,2,1
D372,2,1,1,1,1,3,2,2,2,2,1
D373,3,3,3,2,1,1,1,1,2,2,1
D374,1,2,2,3,2,2,1,1,1,3,1
D375,1,1,1,1,1,3,2,3,1,2,1
D376,3,1,1,2,1,3,1,3,2,1,1
D377,1,2,3,2,1,2,2,2,2,2,1
D378,1,1,1,1,1,2,2,2,3,2,1
D379,1,1,1,2,2,1,1,1,2,1,1
D38,2,1,2,2,1,2,2,3,2,1,1
D380,1,2,2,2,1,1,2,2,2,1,2
D381,1,1,1,1,NaN,1,2,2,1,1,1
D382,2,1,1,2,2,1,1,2,2,1,1
D383,2,2,2,1,1,2,2,2,1,1,1
D384,2,2,2,2,2,2,1,1,2,3,1
D385,1,1,1,1,2,1,1,2,2,3,2
D386,1,2,3,1,1,2,2,2,1,2,2
D387,1,1,1,3,1,2,1,2,2,2,3
D388,1,1,1,1,2,2,1,1,1,1,1
D389,1,1,1,1,1,1,1,2,1,2,1
D39,1,1,1,2,3,3,1,1,1,2,2
D390,2,1,1,2,3,1,1,1,2,2,2
D391,1,1,1,1,2,1,1,1,1,1,2
D392,1,2,3,2,1,2,2,2,2,2,1
D393,1,1,1,2,1,1,1,1,2,2,1
D394,2,1,2,1,1,1,2,2,1,2,1
D395,1,1,1,2,2,1,1,1,1,2,2
D396,2,2,2,1,1,1,2,2,2,1,1
D397,2,2,2,1,1,2,1,1,1,1,1
D398,1,3,3,1,1,2,1,1,1,2,1
D399,1,2,2,2,1,2,1,1,2,1,2
D40,1,2,2,2,1,2,2,3,1,2,1
D400,1,2,2,3,1,2,1,2,2,1,1
D401,1,3,3,2,1,3,1,1,1,2,1
D402,1,2,2,2,1,1,3,3,1,2,1
D403,1,1,2,2,1,2,1,1,2,1,1
D404,2,1,2,2,2,2,1,1,1,1,1
D405,1,2,2,2,2,2,1,1,1,2,1
D406,1,1,2,2,2,2,2,2,1,2,1
D407,1,1,1,1,3,3,1,1,2,1,2
D408,1,2,2,1,1,2,1,1,2,1,2
D409,1,1,1,1,1,1,2,2,1,1,1
D41,1,1,3,1,3,3,1,1,1,1,1
D410,3,1,1,2,1,1,1,1,1,2,1
D411,1,1,1,1,2,1,1,2,1,1,1
D412,1,1,2,2,3,2,1,1,1,2,1
D413,1,1,1,2,2,2,1,1,1,1,1
D414,2,2,2,2,1,2,2,3,1,2,2
D415,2,1,1,1,1,1,1,1,1,2,1
D416,2,2,2,2,1,2,2,3,2,3,1
D417,1,1,1,1,2,2,1,2,1,1,1
D418,2,1,1,1,1,1,1,1,1,1,1
D419,2,1,1,2,2,2,1,1,1,1,1
D420,2,1,1,2,1,2,1,1,1,2,1
D421,1,1,1,2,3,1,1,1,3,2,1
D422,1,3,2,2,1,2,2,3,1,1,3
D423,3,1,2,1,1,2,1,2,2,2,1
D424,1,2,2,1,1,1,3,3,2,3,1
D425,2,1,1,2,1,1,2,2,1,2,1
D426,1,1,2,1,2,2,1,1,3,1,1
D427,2,1,1,1,2,1,1,2,2,1,1
D428,1,1,1,2,2,2,2,2,2,1,1
D429,2,1,2,2,2,2,1,1,3,2,2
D42,1,1,1,2,1,2,1,2,1,1,2
D43,2,1,1,2,1,1,1,2,2,2,1
D430,1,1,1,3,2,2,1,1,2,1,1
D431,3,1,1,2,2,2,1,2,1,1,1
D432,3,2,2,2,2,3,1,1,2,1,1
D433,1,2,2,2,1,2,1,1,2,1,2
D434,2,1,1,1,2,2,2,2,1,1,1
D435,1,2,2,3,2,1,2,2,2,2,1
D436,2,2,2,2,2,2,1,2,1,3,1
D437,1,1,1,2,2,1,1,2,1,1,1
D438,2,1,1,2,1,1,2,2,1,1,1
D439,2,1,1,1,1,2,1,1,2,2,1
D440,3,2,2,3,1,1,3,3,2,1,1
D441,1,1,1,2,2,2,2,2,1,2,1
D442,3,1,1,2,1,1,2,2,1,2,1
D444,1,1,1,1,1,1,1,1,1,2,1
D445,2,1,1,2,1,2,2,2,1,3,1
D446,1,1,1,1,1,2,1,1,3,2,1
D447,1,1,2,2,1,1,1,1,3,1,1
D448,1,1,1,2,1,1,2,2,2,3,1
D449,1,1,1,1,1,2,2,2,1,2,3
D44,1,1,1,1,2,2,1,1,1,2,1
D45,1,1,1,1,2,1,1,1,2,1,1
D450,2,1,2,1,1,1,2,3,1,2,1
D451,1,2,2,1,1,1,2,2,3,1,1
D452,1,2,2,2,1,3,2,3,1,1,1
D453,2,2,2,1,1,2,1,2,1,1,1
D454,1,2,2,1,2,2,2,2,2,1,2
D455,3,2,2,2,2,3,1,2,1,2,1
D456,2,1,3,1,2,2,2,2,2,2,2
D457,2,1,1,2,2,2,1,1,1,1,1
D458,2,2,2,1,1,3,3,3,1,1,1
D459,1,1,1,1,1,2,1,1,1,1,1
D46,2,1,2,1,1,1,2,3,2,2,2
D460,2,1,1,1,2,2,2,2,3,2,1
D461,1,1,1,1,1,1,2,3,1,1,1
D462,2,1,1,1,1,2,3,3,2,2,2
D463,1,2,2,1,1,2,2,2,2,2,1
D464,1,1,2,1,1,1,1,1,2,1,3
D465,1,1,1,1,1,2,1,1,2,1,2
D466,1,1,1,1,2,2,2,2,1,2,1
D467,2,1,1,1,2,2,1,1,2,1,2
D468,1,1,1,1,1,2,2,2,3,2,1
D469,1,1,1,2,1,2,2,2,2,2,1
D47,1,1,2,1,1,1,1,1,3,1,1
D470,1,1,1,2,1,2,1,1,2,3,1
D471,2,1,1,2,2,2,2,2,1,3,1
D472,2,3,3,3,2,1,1,1,1,2,1
D473,1,1,1,2,1,2,2,2,1,2,1
D474,2,1,1,1,1,1,2,3,2,1,1
D475,3,1,1,1,1,2,1,2,2,2,1
D476,2,1,1,1,1,2,1,2,2,1,1
D477,1,1,1,2,1,3,2,3,1,1,1
D478,1,1,2,2,2,2,2,2,2,2,2
D479,2,2,2,1,1,2,1,1,1,3,1
D480,1,2,2,1,2,3,2,2,2,1,2
D481,1,1,1,2,1,2,1,1,3,1,1
D482,2,2,2,1,2,1,1,1,1,2,1
D483,1,1,1,1,1,1,2,2,1,1,2
D484,1,1,1,1,1,2,2,3,1,1,2
D485,2,1,1,2,1,2,1,2,2,1,1
D486,2,1,2,1,1,1,2,3,1,2,1
D487,1,1,1,2,1,2,1,1,2,3,2
D488,1,1,1,1,2,2,1,2,1,1,1
D489,2,1,1,1,1,2,1,1,2,2,2
D48,1,1,3,2,1,2,1,2,3,2,1
D49,1,1,1,2,2,3,1,2,1,1,1
D490,1,1,1,1,2,1,1,1,2,1,1
D491,1,1,2,1,2,1,2,2,2,1,1
D492,1,1,1,2,3,1,1,1,3,2,1
D493,1,1,1,1,1,2,1,2,1,1,1
D494,1,1,2,1,1,1,2,2,1,2,1
D495,3,1,2,2,2,3,1,2,1,2,1
D496,1,1,1,3,1,3,1,2,2,1,2
D497,2,1,1,1,1,1,2,2,3,1,1
D498,1,2,2,1,1,1,2,2,1,1,2
D499,2,2,2,1,2,1,2,2,1,1,1
D4,1,1,2,1,2,2,1,2,2,1,1
D500,1,1,1,1,1,1,2,2,1,2,1
D501,3,1,2,1,1,2,2,3,1,1,1
D502,1,1,1,1,2,2,1,1,1,2,1
D503,1,2,1,1,1,2,1,1,1,2,1
D504,1,1,3,1,1,2,1,1,3,1,2
D505,1,2,2,3,2,1,1,2,1,3,1
D506,2,1,2,2,1,2,1,1,2,1,1
D507,1,1,1,3,2,1,1,1,1,1,1
D508,1,1,1,1,2,1,1,1,2,2,1
D509,2,2,2,2,1,3,2,2,1,2,1
D50,2,2,1,1,1,1,2,2,2,2,1
D51,1,1,1,1,2,2,1,1,1,2,1
D510,2,1,1,1,2,1,1,1,3,2,1
D511,2,1,1,1,1,1,1,1,2,1,1
D512,2,1,1,1,1,1,3,3,3,1,1
D513,2,1,1,2,1,2,3,3,2,2,2
D514,1,2,2,2,2,1,1,1,1,1,2
D515,1,2,2,1,1,2,1,1,2,2,2
D516,2,2,2,2,2,1,2,2,3,1,1
D517,1,1,2,2,1,2,3,3,1,2,2
D518,1,1,1,1,1,1,2,2,1,3,1
D519,2,1,2,2,2,1,1,2,1,2,1
D52,1,2,2,2,2,3,1,2,2,2,2
D520,2,2,1,2,3,2,1,1,1,1,1
D521,1,2,2,3,2,2,1,1,3,1,1
D522,2,1,2,1,1,1,1,1,2,3,2
D523,2,1,1,2,2,1,1,1,2,2,1
D524,2,2,2,2,2,2,1,1,2,2,1
D525,1,1,2,2,2,1,1,1,1,2,1
D526,2,1,1,1,2,2,1,1,2,3,1
D527,1,1,1,1,2,1,2,2,1,1,1
D528,1,1,1,2,1,1,2,2,1,2,1
D529,1,1,2,2,1,3,2,3,2,1,1
D530,1,1,2,2,2,1,2,2,1,1,2
D531,1,1,2,1,1,3,1,2,2,1,1
D532,2,1,2,1,1,2,1,2,2,2,1
D533,2,1,2,2,1,2,2,2,1,2,1
D534,2,1,1,2,1,1,1,1,1,2,2
D536,2,3,3,1,1,1,1,2,2,2,1
D537,1,2,2,2,2,2,1,1,1,1,1
D538,1,2,2,2,1,2,2,2,2,1,2
D539,1,2,2,3,1,2,1,1,1,1,1
D53,1,1,1,1,1,2,3,3,2,1,2
D54,2,1,1,1,1,2,1,1,1,1,1
D540,1,2,2,2,2,1,1,1,1,1,2
D541,1,2,2,1,2,1,2,2,1,2,1
D542,2,1,1,1,1,3,1,1,3,1,1
D543,1,1,2,2,1,2,2,2,2,2,1
D544,2,1,2,2,2,1,2,2,2,2,1
D545,1,1,1,1,2,1,1,1,1,3,1
D546,1,1,1,2,1,2,1,1,2,2,1
D547,3,1,1,2,3,2,1,1,2,3,1
D548,2,2,3,1,1,3,2,3,1,1,1
D549,1,1,1,2,1,1,2,2,2,2,1
D550,2,1,1,2,2,1,2,2,1,2,1
D551,1,1,1,2,2,2,1,1,1,1,1
D552,1,2,2,1,NaN,2,3,3,3,3,1
D553,2,1,1,1,2,1,1,1,1,2,1
D554,2,1,1,1,1,2,2,3,2,1,1
D555,1,1,1,2,2,2,2,2,1,2,1
D556,1,1,1,2,2,2,1,1,2,1,1
D557,2,1,1,2,2,1,1,1,1,2,2
D558,1,3,3,1,1,2,2,2,1,1,1
D559,2,1,1,1,1,1,1,1,2,3,1
D55,1,1,1,2,3,2,1,1,2,2,2
D56,2,1,2,2,1,2,2,3,1,1,1
D560,2,2,2,1,2,1,1,1,1,1,1
D561,1,1,1,1,1,2,2,2,1,1,1
D562,1,1,2,2,2,2,1,2,2,1,2
D563,2,2,2,2,1,1,2,2,1,2,1
D564,1,2,2,3,3,2,1,1,2,3,1
D565,1,2,2,1,2,3,1,1,2,3,1
D566,1,2,2,2,1,1,2,2,1,1,2
D567,2,2,2,1,1,1,1,1,2,2,2
D568,2,2,3,2,2,3,2,2,1,1,1
D569,1,1,2,2,1,2,1,2,2,2,2
D57,1,1,2,2,2,2,1,1,3,1,2
D570,1,1,1,2,1,1,2,2,1,1,3
D571,1,1,1,1,1,2,1,1,1,2,1
D572,1,1,2,1,NaN,2,3,3,2,3,1
D573,2,1,1,3,2,2,1,1,1,3,2
D574,2,1,2,1,1,1,2,3,1,1,1
D575,1,1,1,1,1,2,2,2,1,2,2
D576,3,1,1,3,1,1,1,1,2,2,1
D577,1,1,1,2,NaN,2,3,3,2,2,1
D578,1,1,1,2,1,1,1,2,2,2,1
D579,1,1,1,2,2,2,1,2,1,2,1
D58,1,2,2,2,2,1,1,1,2,2,2
D580,2,1,1,2,NaN,1,3,3,1,1,1
D581,1,1,2,2,2,1,2,2,2,1,1
D582,1,1,2,1,NaN,2,2,2,1,3,3
D583,3,2,2,2,2,1,1,2,2,1,1
D584,2,2,2,2,1,2,1,2,1,1,1
D585,1,1,1,3,3,2,1,1,1,1,3
D586,1,1,2,1,2,2,1,1,1,2,2
D587,2,1,1,2,1,2,1,1,2,1,1
D588,2,3,2,1,1,3,1,1,1,1,1
D589,2,2,3,2,2,1,2,2,2,1,1
D59,2,1,1,1,1,2,2,2,1,1,1
D590,1,1,2,3,1,2,1,2,2,1,2
D591,1,1,1,3,1,2,1,1,2,1,1
D592,2,1,1,1,2,2,1,1,2,2,2
D593,1,1,1,1,1,2,3,3,1,2,1
D594,1,1,1,2,NaN,2,3,3,1,2,1
D595,1,2,2,2,2,1,1,1,2,2,1
D596,1,1,2,1,2,3,1,1,2,2,1
D597,1,1,2,1,1,1,2,3,2,1,1
D598,1,1,1,2,1,1,1,1,1,1,1
D599,1,1,1,3,NaN,3,2,2,1,1,1
D5,2,1,1,2,2,1,2,2,3,2,1
D600,1,1,1,2,1,2,1,2,2,2,1
D601,1,1,1,2,1,1,2,2,2,2,1
D602,1,1,1,2,2,2,1,2,1,2,1
D603,1,2,2,2,1,1,3,3,1,1,1
D604,1,1,2,2,1,1,1,2,3,2,2
D605,2,1,2,1,1,2,3,3,1,1,1
D606,1,1,1,1,2,1,1,1,1,1,2
D607,1,1,2,3,1,2,2,2,1,2,1
D608,2,1,2,2,1,2,2,2,1,1,1
D609,2,1,1,1,2,1,1,1,1,1,1
D60,1,1,1,1,1,1,1,1,2,1,2
D610,1,1,2,2,1,1,2,3,1,2,1
D611,2,2,2,1,2,1,1,1,1,2,1
D612,2,1,2,1,2,1,1,2,1,2,1
D613,1,2,1,1,2,2,2,2,2,3,2
D614,1,1,1,2,2,1,2,2,1,1,1
D615,1,1,1,3,1,1,1,2,1,2,1
D616,1,1,1,1,2,2,1,1,1,3,1
D617,2,2,2,2,2,1,1,1,1,2,2
D618,1,2,2,1,1,2,2,2,1,3,1
D619,2,1,1,2,NaN,1,2,3,1,1,1
D61,2,2,2,2,2,2,2,2,1,1,1
D62,1,2,1,2,1,1,1,2,1,2,1
D620,1,1,1,1,2,2,1,1,1,1,1
D621,2,1,1,1,3,1,1,1,1,1,1
D622,1,1,1,1,1,2,1,1,1,3,2
D623,1,1,2,1,2,2,1,1,1,1,2
D625,1,2,2,1,1,2,1,1,2,1,1
D626,2,1,1,1,2,3,1,1,2,2,1
D627,2,1,1,1,1,2,1,2,1,3,1
D628,1,1,1,1,3,1,1,1,2,2,1
D629,2,2,3,2,2,2,1,1,1,2,1
D63,1,1,1,2,1,2,2,2,2,1,2
D630,2,2,2,2,2,2,2,2,1,2,1
D631,2,1,2,2,2,2,1,1,1,2,1
D632,2,3,3,1,2,2,1,1,2,1,2
D633,1,2,2,1,1,2,1,1,2,1,2
D634,1,1,1,1,2,2,1,2,1,1,2
D635,2,1,2,1,2,2,1,1,3,2,2
D636,2,1,1,2,2,2,1,1,2,1,2
D637,1,1,1,1,1,2,1,2,2,1,1
D638,1,2,2,1,1,2,1,2,1,2,1
D639,1,1,2,1,1,1,2,2,1,3,2
D64,1,2,3,2,2,2,1,1,3,2,2
D640,1,1,1,1,1,2,1,1,1,1,2
D641,1,1,1,1,1,1,2,3,1,2,1
D642,2,1,1,1,1,2,1,1,2,3,1
D643,2,1,1,1,1,1,1,1,1,1,1
D644,2,1,1,2,3,2,1,1,2,2,1
D645,1,1,1,1,1,2,2,2,1,2,1
D646,1,1,1,2,1,3,2,2,1,2,1
D647,2,3,3,2,2,3,2,2,1,3,1
D648,2,1,1,1,2,1,1,1,1,2,1
D649,1,1,2,1,2,2,2,2,2,2,2
D65,1,1,2,1,2,3,1,1,1,1,1
D650,1,1,1,1,2,2,2,2,2,2,1
D651,2,1,1,2,1,1,1,1,2,2,1
D652,2,2,2,1,2,1,1,1,1,1,1
D653,1,1,1,2,NaN,1,2,2,2,2,1
D654,2,1,1,1,1,3,1,1,1,2,2
D655,2,3,3,1,2,2,2,2,1,2,1
D656,1,1,2,2,1,2,1,2,1,2,1
D657,2,1,1,2,2,1,1,2,2,2,1
D658,1,1,1,2,1,2,2,2,1,2,1
D659,2,1,2,2,2,2,1,1,3,2,1
D66,1,2,1,2,2,2,1,2,2,1,1
D660,1,1,1,2,2,1,1,1,1,1,1
D661,1,1,1,3,2,2,1,1,1,1,2
D662,2,2,2,1,2,1,1,1,2,2,1
D663,1,1,1,2,1,1,1,1,2,1,1
D664,3,1,2,1,1,2,1,1,1,1,1
D665,1,1,1,2,1,1,1,1,2,1,1
D666,2,1,1,1,3,2,1,1,3,1,1
D667,3,1,1,1,2,2,2,2,2,1,1
D668,2,1,2,3,1,3,2,2,2,2,1
D669,2,1,2,1,2,1,1,2,2,1,1
D670,1,1,1,1,2,2,1,2,2,2,1
D671,2,1,1,1,1,3,3,3,1,1,1
D672,1,1,1,2,1,2,2,2,2,1,2
D673,1,1,1,1,1,3,1,2,2,3,1
D674,1,1,1,2,1,2,2,2,1,3,1
D675,2,1,2,1,1,2,1,2,3,1,1
D676,1,1,1,1,1,2,2,2,1,1,2
D677,1,1,1,2,1,1,2,2,1,1,1
D678,1,1,1,2,1,2,1,1,2,3,1
D679,2,1,1,1,2,1,1,2,1,1,1
D67,1,1,1,2,2,3,1,1,1,2,2
D68,1,2,2,2,1,2,2,2,2,1,2
D680,2,2,2,2,1,3,2,2,2,1,1
D681,2,1,1,2,1,2,1,2,2,2,2
D682,1,1,1,1,1,1,1,2,3,2,1
D683,2,2,3,1,1,1,1,1,3,2,1
D684,2,1,1,3,1,1,1,1,3,1,1
D685,2,1,1,2,1,2,2,2,1,1,1
D686,1,1,1,2,1,1,1,1,1,2,1
D687,3,1,2,2,1,2,2,2,2,3,1
D688,2,1,2,2,1,3,3,3,2,2,1
D689,1,2,2,1,1,3,1,1,2,2,1
D69,1,3,3,2,2,2,1,1,1,2,2
D690,2,2,1,2,2,1,2,2,1,1,1
D691,1,1,1,2,1,1,1,2,1,3,1
D692,2,1,2,3,1,1,1,2,2,2,1
D693,1,2,2,2,1,3,1,2,2,2,1
D694,1,3,3,3,1,3,2,3,2,1,2
D695,1,2,2,3,2,3,1,2,2,2,3
D696,1,1,2,1,1,2,2,2,1,2,1
D697,1,3,3,2,2,1,2,2,2,2,1
D698,2,1,1,3,2,1,1,1,1,1,1
D699,1,1,1,1,1,2,1,1,2,2,2
D6,1,2,2,1,2,2,2,2,1,1,1
D7,1,1,2,1,2,3,1,1,1,1,1
D70,1,3,3,3,2,2,1,1,1,3,1
D700,1,2,2,2,2,1,2,2,2,2,1
D701,1,2,2,1,1,3,1,2,1,2,2
D702,1,1,1,1,2,1,1,1,1,1,2
D703,1,1,1,3,2,1,1,1,2,1,1
D704,2,1,1,1,1,2,3,3,2,2,1
D705,1,1,1,3,2,2,1,1,1,2,2
D706,2,1,1,2,1,3,1,1,2,2,1
D707,1,1,1,1,2,2,1,1,1,2,2
D708,1,1,1,1,1,3,1,1,1,2,1
D709,1,2,1,1,1,1,2,2,1,2,2
D710,1,1,2,2,1,1,1,2,1,1,1
D711,2,2,2,2,2,2,1,2,2,2,1
D712,1,3,3,2,2,3,1,1,2,2,2
D713,1,3,3,2,1,2,1,2,2,1,1
D714,1,1,1,1,2,3,1,1,1,2,3
D715,2,1,1,2,2,2,1,1,2,1,1
D716,1,1,2,1,2,2,1,1,2,2,1
D717,1,1,1,1,2,2,2,2,1,1,1
D718,1,2,2,2,2,1,1,1,1,1,1
D719,1,1,2,2,1,3,1,2,2,2,1
D71,2,1,1,1,1,1,1,1,2,2,2
D72,3,2,2,2,NaN,3,2,2,1,2,1
D720,1,2,2,1,1,2,2,2,2,2,1
D721,1,1,1,1,1,1,1,1,1,1,1
D722,1,1,2,1,3,2,1,1,2,2,2
D723,2,1,1,2,2,2,1,2,2,1,2
D724,1,2,2,1,2,2,2,2,1,1,1
D725,2,2,2,1,1,2,2,3,1,3,1
D726,1,3,3,3,1,2,1,1,1,2,1
D727,1,1,2,1,1,2,1,1,1,2,1
D728,2,1,1,3,2,1,1,1,2,1,1
D729,2,1,2,2,1,1,2,2,1,2,1
D73,1,2,2,1,1,2,1,1,2,2,1
D730,2,1,1,2,1,2,3,3,2,2,1
D731,1,1,1,1,1,1,1,2,2,3,2
D732,1,1,1,2,2,2,1,2,2,1,1
D733,1,1,1,1,2,3,1,1,2,2,1
D734,1,1,2,2,2,1,1,2,1,1,2
D735,1,1,1,2,1,2,2,2,1,2,2
D736,1,1,2,2,1,1,1,2,1,3,1
D737,2,1,1,1,1,2,3,3,2,1,1
D738,1,2,2,1,2,1,1,1,1,1,1
D739,1,2,3,2,1,3,1,1,2,1,1
D74,1,1,1,2,2,2,1,1,1,1,1
D740,2,1,1,2,3,2,2,2,1,1,1
D741,1,1,1,2,1,1,1,1,1,1,2
D742,2,2,2,1,2,2,1,1,2,2,1
D743,1,1,1,1,1,1,1,2,3,2,3
D744,3,1,1,2,2,1,2,2,1,1,1
D745,1,1,1,1,1,2,2,2,2,2,2
D746,1,1,1,1,1,3,1,1,1,2,2
D747,2,1,2,2,1,1,1,1,2,2,1
D748,1,2,2,1,2,3,1,1,1,2,1
D749,1,1,1,1,1,1,2,2,1,1,1
D75,2,1,1,1,1,2,1,2,1,2,1
D750,1,1,1,1,1,1,3,3,2,1,1
D751,1,1,1,3,1,2,1,1,1,3,1
D752,1,1,1,1,1,1,3,3,3,2,1
D753,2,1,1,1,2,1,1,1,2,3,1
D754,1,2,3,1,2,3,2,2,3,2,1
D755,1,1,2,1,1,1,1,2,2,2,2
D756,1,2,2,1,2,1,1,1,1,2,1
D757,2,1,2,1,1,2,2,2,1,2,1
D758,1,1,2,1,1,2,1,1,1,1,1
D76,1,1,1,2,2,3,2,2,2,2,2
D760,1,1,2,1,3,3,1,2,2,2,1
D761,2,2,2,1,2,3,2,2,2,1,1
D762,1,2,2,1,2,2,1,1,1,2,1
D763,1,1,2,3,1,1,2,3,2,1,1
D764,1,1,1,2,1,2,2,2,2,1,1
D765,2,1,1,2,2,1,1,2,1,1,1
D766,2,1,1,1,2,2,1,1,2,1,1
D767,1,1,1,3,1,1,1,2,1,2,2
D768,1,2,1,2,1,2,2,3,2,2,1
D769,2,1,1,2,1,2,3,3,1,3,1
D770,1,1,1,2,1,1,2,2,1,1,1
D771,1,2,3,2,NaN,3,2,2,2,1,1
D772,2,2,2,1,2,1,1,1,1,2,1
D773,1,1,1,2,2,2,2,2,1,1,1
D774,1,1,1,2,2,3,1,1,1,2,2
D775,1,1,1,3,1,3,2,3,2,2,2
D776,2,2,2,1,3,1,1,1,3,2,1
D777,2,3,3,2,2,3,1,1,2,2,2
D778,2,1,1,1,1,1,1,1,1,2,2
D779,1,1,1,2,1,2,1,1,2,2,1
D77,2,2,2,1,1,1,1,1,2,2,2
D780,1,1,2,1,2,2,2,2,2,1,2
D781,2,1,1,1,2,2,1,2,1,1,1
D782,1,2,2,2,2,1,1,1,1,2,1
D783,2,1,2,1,1,1,2,3,3,3,1
D784,1,1,1,1,2,2,1,2,2,2,1
D785,2,2,1,1,1,1,1,2,3,2,1
D786,1,1,2,2,2,2,1,1,1,2,1
D787,3,2,2,2,1,2,2,2,2,1,1
D788,1,1,1,1,2,2,1,1,1,2,2
D789,1,2,3,1,1,2,1,1,2,1,1
D78,2,2,2,2,2,1,2,2,2,1,1
D79,1,1,1,1,1,2,2,2,2,1,2
D790,1,1,1,2,1,1,2,2,3,2,1
D791,1,1,1,3,2,1,1,1,1,1,1
D792,2,1,1,2,2,1,1,2,2,3,1
D793,1,1,1,2,2,1,1,1,1,3,1
D794,1,1,1,2,2,1,2,2,2,2,1
D795,1,1,1,1,1,2,2,2,1,2,3
D796,2,1,1,1,1,2,1,1,1,2,2
D797,1,1,1,2,1,3,2,3,2,2,2
D798,1,1,1,1,1,1,2,3,3,1,1
D799,2,1,1,2,1,1,2,2,2,3,1
D8,1,1,2,1,3,1,1,1,1,1,1
D800,1,1,1,2,2,2,1,2,1,2,1
D801,2,2,2,1,1,2,1,1,1,2,1
D802,2,2,2,2,1,2,2,2,2,1,1
D803,1,1,1,2,1,1,2,3,1,1,1
D804,2,2,2,2,1,2,2,2,1,2,1
D805,1,1,1,2,1,1,1,1,1,2,1
D806,1,1,1,1,2,1,1,1,2,2,1
D807,3,1,1,1,2,2,1,1,2,3,1
D808,1,2,2,1,1,1,2,2,1,2,2
D809,3,1,1,2,1,2,2,2,2,2,1
D80,2,1,2,1,3,1,1,1,1,3,1
D81,1,2,2,1,2,2,2,2,3,2,1
D810,1,2,2,2,1,3,1,2,1,2,1
D811,3,1,2,2,1,3,2,2,1,1,1
D812,2,2,2,2,1,1,2,2,1,3,1
D813,2,3,3,2,2,2,1,1,2,3,1
D814,1,2,2,3,1,2,2,2,1,1,1
D815,1,1,1,2,3,2,1,1,2,2,3
D816,1,2,3,2,1,1,2,2,2,1,1
D817,1,1,3,1,1,1,2,2,2,1,1
D818,2,1,1,2,1,2,2,3,1,1,1
D819,2,1,1,1,2,2,2,2,1,2,2
D82,1,1,1,2,2,1,1,1,2,2,1
D820,1,2,2,2,1,1,1,1,2,3,1
D821,1,1,1,2,2,1,1,1,2,1,2
D822,2,1,1,1,2,1,2,2,1,2,1
D823,2,1,1,1,2,1,1,1,1,2,1
D824,1,1,2,1,1,2,1,1,1,2,1
D825,3,1,1,1,1,2,1,2,3,1,1
D826,1,1,3,1,1,1,2,2,1,1,1
D827,2,1,1,1,2,1,1,2,1,2,1
D828,1,1,1,2,2,2,1,3,1,1,2
D829,1,1,1,2,1,1,1,2,1,3,1
D83,2,1,1,1,1,1,1,2,1,2,1
D830,2,2,2,1,2,1,1,1,2,3,1
D831,1,1,1,1,1,2,1,1,1,2,1
D832,2,1,2,3,2,2,1,2,1,1,1
D833,2,2,3,2,1,2,1,1,2,2,1
D834,1,1,1,1,2,1,2,2,3,3,3
D835,1,3,3,1,2,1,1,1,1,1,1
D836,1,1,1,2,1,1,2,2,1,2,1
D837,1,1,2,1,2,1,1,1,1,2,2
D838,1,2,2,2,2,1,1,1,2,1,2
D839,1,1,1,1,2,1,1,1,1,2,1
D84,2,1,1,2,2,2,1,1,2,2,1
D840,2,2,2,1,2,2,1,1,1,2,1
D841,2,2,2,1,NaN,3,2,3,3,2,1
D842,1,1,2,2,1,2,1,1,1,2,2
D843,1,1,1,2,2,2,2,2,2,1,1
D844,2,1,1,1,1,1,1,1,1,1,2
D845,1,1,1,1,1,1,3,3,2,3,1
D846,1,1,1,1,1,1,1,2,1,1,2
D847,1,2,2,3,1,2,2,2,1,2,1
D848,2,1,1,1,2,1,2,2,2,1,1
D849,2,1,1,1,2,1,2,2,2,3,1
D85,1,1,1,2,2,3,1,2,1,2,1
D850,1,1,2,1,2,2,1,1,3,2,1
D851,1,1,2,2,2,3,2,3,1,2,1
D852,2,1,2,1,2,1,2,2,1,3,2
D853,1,1,1,1,2,2,1,1,1,2,2
D854,1,2,2,2,1,1,2,2,1,1,1
D855,3,1,1,1,2,1,1,1,2,2,1
D856,1,1,2,1,1,1,2,2,2,1,1
D857,1,1,1,2,2,2,2,2,2,2,1
D858,3,2,2,2,1,2,2,2,2,2,1
D859,1,1,1,2,1,3,1,1,1,2,2
D86,1,1,1,2,2,2,1,1,2,2,1
D860,1,2,2,2,1,1,2,2,2,1,1
D861,1,1,2,2,2,1,1,1,1,1,1
D863,1,1,1,3,1,2,2,3,2,3,2
D864,2,2,2,1,2,3,2,2,1,2,1
D865,3,1,1,2,1,3,3,3,1,2,1
D866,2,1,1,1,1,2,3,3,2,1,1
D867,2,1,1,2,1,2,1,1,1,1,1
D868,2,1,1,1,3,2,1,1,3,1,1
D869,2,2,2,2,1,2,2,3,2,1,1
D87,2,1,2,2,1,2,1,3,2,2,1
D870,3,2,2,2,1,1,1,2,1,2,1
D871,1,1,1,2,2,1,1,1,1,1,1
D872,2,1,1,1,3,2,2,2,2,3,1
D873,1,1,2,2,2,1,1,2,1,2,2
D874,2,2,2,1,1,1,2,3,1,2,1
D875,1,1,1,1,NaN,2,2,2,1,1,1
D876,1,1,2,1,1,2,3,3,2,1,3
D877,1,1,1,1,2,2,1,1,1,1,1
D878,1,2,2,2,1,1,1,2,1,1,1
D879,1,1,1,1,2,2,1,1,2,2,1
D88,1,2,2,2,1,1,2,2,1,3,1
D880,1,2,2,2,1,2,1,2,3,1,1
D881,2,2,2,1,NaN,1,3,3,3,1,1
D883,1,2,2,1,1,2,1,1,2,2,2
D884,1,1,1,2,1,2,1,1,1,2,1
D885,1,2,3,2,1,1,2,3,1,3,1
D886,1,2,3,1,1,2,1,1,1,1,2
D887,1,2,2,2,2,3,2,2,2,2,1
D888,2,1,1,1,1,2,2,3,1,1,2
D889,1,1,1,2,2,2,1,2,1,2,1
D89,1,3,3,2,1,2,1,1,2,3,1
D890,2,1,1,1,1,1,2,3,1,1,1
D891,1,1,1,2,1,1,2,3,1,1,1
D892,2,1,1,1,2,2,1,1,2,1,1
D893,1,2,1,1,1,2,1,1,1,2,1
D894,1,2,2,1,1,1,1,2,3,2,1
D895,1,1,2,3,1,2,2,2,2,3,1
D896,2,1,1,3,1,1,3,3,2,1,1
D897,1,1,1,3,1,2,1,1,1,2,3
D898,2,1,1,3,2,3,1,1,2,1,1
D899,2,2,2,2,1,1,1,2,1,2,2
D9,1,2,2,1,2,2,1,1,2,2,1
D90,2,1,1,2,2,3,1,2,1,1,1
D900,1,1,1,1,1,2,3,3,1,1,1
D901,1,1,2,2,2,3,1,2,1,1,2
D902,2,2,2,2,2,1,1,1,1,2,1
D903,1,2,3,3,1,2,1,1,1,2,2
D904,1,1,1,1,1,2,2,2,1,2,2
D905,1,1,2,1,1,2,3,3,1,2,1
D906,2,2,2,2,3,2,1,1,1,2,1
D907,1,1,1,1,1,3,1,2,2,2,1
D908,2,1,2,2,2,3,1,2,3,2,1
D909,1,2,2,2,1,2,1,1,2,2,1
D91,2,2,3,3,2,2,2,2,1,2,1
D910,3,2,2,1,3,2,1,1,1,1,1
D911,1,1,2,1,2,1,1,1,1,2,1
D912,2,1,1,3,1,2,3,3,2,3,2
D913,1,1,1,1,2,1,2,2,2,3,1
D914,1,1,1,1,2,2,1,1,1,1,1
D915,1,3,3,2,1,2,2,3,2,1,2
D916,1,2,2,1,1,1,3,3,2,1,2
D917,3,1,1,1,1,3,1,1,1,2,1
D918,1,2,2,3,1,2,3,3,1,2,1
D919,1,1,1,1,1,2,2,2,1,3,1
D92,2,2,2,2,1,2,2,2,1,2,1
D920,1,1,2,1,3,1,1,1,2,2,1
D921,1,1,1,3,1,1,1,2,2,3,1
D922,2,1,1,1,1,2,1,1,1,1,1
D923,1,2,2,3,1,2,1,1,1,2,1
D924,2,1,2,1,3,1,1,1,1,2,2
D925,1,1,1,2,2,3,2,2,1,1,3
D926,2,2,2,2,1,2,1,3,1,1,1
D927,1,1,2,1,3,2,2,2,2,1,1
D928,1,1,1,3,2,1,1,1,1,1,2
D929,2,2,2,1,2,2,1,2,1,2,1
D930,1,1,2,2,3,2,1,1,1,1,2
D931,1,1,1,2,1,3,2,3,1,2,2
D932,1,1,1,1,2,1,2,2,1,2,1
D933,2,1,1,3,2,1,1,2,1,2,1
D934,1,1,2,1,1,2,2,2,2,2,1
D935,1,2,2,1,1,1,2,2,1,2,1
D936,2,1,1,2,3,2,1,1,3,1,1
D937,2,1,1,1,1,2,1,2,2,1,2
D938,2,2,2,2,1,2,1,1,2,2,1
D939,1,1,1,1,2,2,1,1,3,1,1
D93,1,1,1,1,2,2,1,1,1,1,1
D940,3,1,2,2,1,1,2,3,2,1,1
D941,2,1,2,1,1,1,2,2,1,1,1
D942,1,1,1,2,2,1,1,1,2,2,2
D943,3,1,1,2,1,1,1,2,2,3,1
D944,2,1,1,2,1,2,2,2,1,1,2
D945,1,1,1,1,1,2,2,3,2,1,1
D946,1,1,1,1,3,2,1,1,2,2,1
D947,1,1,1,2,1,1,2,2,2,2,1
D948,1,2,2,2,1,2,2,2,1,2,1
D949,1,1,2,1,1,2,2,2,2,1,1
D94,1,1,1,2,2,2,1,1,1,1,2
D95,1,1,1,1,2,2,1,1,1,1,1
D950,1,2,2,2,3,1,1,1,1,1,1
D951,1,1,1,1,1,2,2,2,1,2,1
D952,1,1,2,3,1,1,3,3,1,2,1
D953,2,2,2,2,1,1,1,2,1,2,2
D954,1,2,2,1,2,3,2,2,1,2,1
D955,1,2,2,2,2,2,1,1,1,1,1
D956,3,1,1,2,1,1,1,2,1,1,1
D957,1,2,2,1,2,2,1,1,1,2,1
D958,1,2,2,1,1,3,2,2,2,1,1
D959,2,1,1,2,1,1,3,3,1,2,1
D96,1,1,1,1,2,2,1,1,2,2,1
D960,1,1,2,2,2,3,1,1,3,2,1
D961,2,1,1,2,2,1,2,2,1,2,1
D962,3,3,3,1,3,3,1,1,2,2,1
D963,3,1,1,2,2,2,1,1,1,1,1
D964,1,1,1,2,3,2,1,1,1,1,2
D965,1,1,3,1,1,2,3,3,1,1,2
D966,1,2,2,1,2,1,2,2,1,2,1
D967,1,1,1,2,1,3,1,3,2,1,2
D968,2,2,2,2,1,3,2,3,2,1,1
D969,1,2,3,1,2,1,1,1,1,2,1
D970,1,1,2,3,1,2,1,1,1,1,1
D971,2,1,1,1,1,2,1,1,2,2,1
D972,1,2,3,1,1,1,1,2,1,2,1
D973,2,1,2,2,NaN,1,2,2,2,2,1
D974,1,1,1,1,2,2,1,1,1,2,1
D975,1,1,1,2,NaN,2,2,2,2,3,1
D976,1,1,1,1,1,2,1,1,2,2,1
D977,1,1,2,1,1,2,2,2,2,2,1
D978,1,1,3,3,2,2,1,1,1,1,1
D979,1,1,1,2,2,2,1,1,1,1,1
D97,2,1,1,1,3,2,1,1,1,1,2
D98,2,1,1,2,1,1,1,2,1,1,2
D980,2,1,1,1,1,2,2,2,1,2,2
D981,1,1,1,3,1,2,2,3,2,1,1
D982,1,1,1,1,1,2,1,1,2,3,1
D983,1,1,1,1,1,2,3,3,1,1,1
D984,2,1,1,2,3,1,1,1,3,1,1
D985,1,1,1,1,2,2,1,1,2,2,1
D986,2,1,1,1,1,2,1,2,2,2,1
D987,1,1,1,2,1,1,1,1,3,2,1
D988,2,1,1,1,1,3,1,2,1,3,1
D989,2,2,3,1,1,1,2,2,3,3,1
D99,1,1,3,3,1,2,1,1,2,2,1
D990,1,2,3,1,2,1,1,2,1,1,2
D991,1,1,1,1,1,1,1,1,1,2,1
D992,2,1,2,2,1,3,1,3,2,1,1
D993,2,2,3,1,1,3,2,2,1,1,2
D994,1,2,2,2,2,3,1,1,1,3,3
D995,1,1,2,3,2,2,1,1,2,2,2
D996,2,1,2,1,1,2,1,1,1,2,1
D997,1,2,2,1,1,2,2,2,2,2,1
D998,1,2,2,1,1,1,1,1,1,2,1
D999,1,2,2,2,2,2,1,1,2,1,1